school,cf
Università di CASERTA,CMAGRL90B23B963E
Università di TERNI,SMNLGR98B15L117D
Università di TERNI,SMNCSM97A20L117B
Università di TERNI,SMNBRT94P08L117S
Università di TERNI,SMNGTN96S17L117H
Università di TERNI,SMNRRT95M17L117X
Università di TERNI,SMNMLN95P04L117K
Università di TERNI,VTLRGR03M31L117G
Università di ROMA,SMPVLR93B07H501A
Università di ROMA,ZNGSVG99B14H501P
Università di ROMA,NZZVCN06R05H501Z
Università di ROMA,NZZMRN05T26H501C
Università di ROMA,NZZMCL06M26H501C
Università di ROMA,LVSLBR95C23H501V
Università di ROMA,LVSDLB95D28H501P
Università di ROMA,LVSSML94E20H501L
Università di ROMA,LVSMDA96T03H501U
Università di ROMA,LVSGLL94C05H501R
Università di ROMA,GRBGGN98M05H501Q
Università di ROMA,GRBSLV95D07H501P
Università di ROMA,GRBDRA95D27H501L
Università di LECCE,MRNPRI94L17E506J
Università di LECCE,MRNLND96L03E506D
Università di LECCE,MRNPLT95P26E506P
Università di LECCE,GCNMGN03S26E506M
Università di LECCE,GCNDNT05B23E506W
Università di LECCE,GCNLMP05R23E506G
Scuola Elementare di FOGGIA,TRCFTN18R05D643W
Scuola Elementare di FOGGIA,TRCFPP14H24D643Q
Scuola Elementare di FOGGIA,TRCVIO17B22D643D
Scuola Elementare di FOGGIA,MLCGBB15H16D643E
Scuola Elementare di FOGGIA,MLCRNN15C13D643B
Scuola Elementare di FOGGIA,MLCGNT16E31D643W
Scuola Elementare di FOGGIA,MLCLMO15T05D643I
Scuola Elementare di FOGGIA,MLCSRA17A31D643W
Scuola Elementare di FOGGIA,MLCSRN16M22D643D
Scuola Elementare di FOGGIA,MLCGTT17L11D643K
Scuola Elementare di FOGGIA,DRNVVN15B04D643B
Scuola Elementare di FOGGIA,DRNNNZ15C06D643A
Scuola Elementare di FOGGIA,DRNGNS14H05D643V
Scuola Elementare di FOGGIA,DRNLSS17H01D643I
Scuola Elementare di FOGGIA,MLCGSI18C30D643C
Scuola Elementare di FOGGIA,MLCFLV18B18D643R
Scuola Elementare di FOGGIA,MLCMTA15S12D643I
Scuola Elementare di FOGGIA,MLCGPP15T15D643Q
Scuola Elementare di FOGGIA,MLCLNI15C25D643X
Scuola Elementare di FOGGIA,DRNVND16A04D643D
Scuola Elementare di FOGGIA,DRNRFL18D28D643U
Scuola Elementare di FOGGIA,DRNNNZ15P04D643S
Scuola Elementare di FOGGIA,DRNRND17R16D643O
Scuola Elementare di FOGGIA,DRNFTM18B10D643K
Scuola Elementare di FOGGIA,DRNMRG14H03D643X
Scuola Elementare di FOGGIA,DRNTNA17E11D643Z
Scuola Elementare di FOGGIA,DRNPTR16R23D643M
Scuola Elementare di FOGGIA,MLCSDR16S05D643G
Scuola Elementare di FOGGIA,DNDDNC18B26D643C
Scuola Elementare di FOGGIA,DNDLNU16S22D643C
Scuola Elementare di FOGGIA,DNDRNL18C28D643I
Scuola Elementare di ROMA,SMPBNT15B03H501V
Scuola Elementare di ROMA,SMPDLN15D16H501R
Scuola Elementare di ROMA,SMPLDR17E02H501Z
Scuola Elementare di ROMA,SMPYND16D12H501J
Scuola Elementare di ROMA,SMPGFR16B12H501R
Scuola Elementare di ROMA,SMPGZZ16L09H501C
Scuola Elementare di ROMA,SMPLNI18H03H501O
Scuola Elementare di ROMA,SMPLRA16S17H501Y
Scuola Elementare di ROMA,SMPMRT14E24H501G
Scuola Elementare di ROMA,SMPGLE17T04H501N
Scuola Elementare di ROMA,SMPRRT14A23H501B
Scuola Elementare di ROMA,SMPLMO15M14H501T
Scuola Elementare di ROMA,LVSCTL15L14H501Z
Scuola Elementare di ROMA,LVSNNI18H03H501A
Scuola Elementare di ROMA,LVSPCC16H02H501D
Scuola Elementare di ROMA,LVSSMN18H24H501M
Scuola Elementare di ROMA,LVSFNC17P17H501I
Scuola Elementare di ROMA,LVSTMS18H07H501Y
Scuola Elementare di ROMA,LVSLRD15C01H501L
Scuola Elementare di ROMA,LVSGNE15C06H501I
Scuola Elementare di ROMA,LVSGRG18E10H501S
Scuola Elementare di ROMA,LVSCCL14A03H501J
Scuola Elementare di ROMA,LVSSRG18A01H501U
Scuola Elementare di ROMA,LVSCTN14D22H501A
Scuola Elementare di ROMA,LVSGLL14C30H501N
Scuola Elementare di ROMA,LVSMGH17P28H501S
Scuola Elementare di ROMA,LVSGMN17T19H501H
Scuola Elementare di ROMA,LVSPLN16C28H501R
Scuola Elementare di ROMA,LVSGTT15E07H501X
Scuola Elementare di ROMA,LVSMRN15L15H501J
Scuola Elementare di ROMA,LVSGTN15S26H501U
Scuola Elementare di ROMA,LVSLEO14H07H501Z
Scuola Elementare di ROMA,GRBGLL17L27H501Z
Scuola Elementare di ROMA,GRBGZZ14A15H501V
Scuola Elementare di ROMA,GRBMRZ18C12H501M
Scuola Elementare di ROMA,GRBBLD18P15H501H
Scuola Elementare di ROMA,GRBCST14L24H501A
Scuola Elementare di ROMA,GRBVLI15C24H501C
Scuola Elementare di ROMA,GRBNNZ14S09H501R
Scuola Elementare di ROMA,GRBSNT16H23H501L
Scuola Elementare di ROMA,GRBLDN14M14H501L
Scuola Elementare di ROMA,GRBGGI16T01H501X
Scuola Elementare di ROMA,GRBRLN17R10H501Z
Scuola Elementare di ROMA,GRBRSR15D15H501U
Scuola Elementare di ROMA,GRBRND16S05H501T
Scuola Elementare di ROMA,GRBNRC18B27H501Y
Scuola Elementare di ROMA,GRBRNN17R12H501T
Scuola Elementare di ROMA,GRBMRK13T15H501J
Scuola Elementare di ROMA,GRBTLI16M19H501Z
Scuola Elementare di ROMA,GRBRSN16M06H501D
Scuola Elementare di ROMA,GRBGTR17H21H501L
Scuola Elementare di ROMA,GRBSLL15D08H501M
Scuola Elementare di PALERMO,CSLMRZ17L14G273O
Scuola Elementare di PALERMO,CSLRFL18B18G273R
Scuola Elementare di PALERMO,CSLCTN15A14G273T
Scuola Elementare di PALERMO,CSLFCN14S17G273F
Scuola Elementare di PALERMO,FTTTMR18B20G273G
Scuola Elementare di PALERMO,FTTLFA15D08G273W
Scuola Elementare di PALERMO,FTTLRI16S03G273T
Scuola Elementare di PALERMO,FTTMNC13T13G273A
Scuola Elementare di PALERMO,FTTTBO18P02G273Q
Scuola Media di PALERMO,CSLMRG11R18G273D
Scuola Media di PALERMO,CSLLRT11H16G273U
Scuola Media di PALERMO,CSLCPI11E12G273D
Scuola Media di PALERMO,CSLLHN13C09G273S
Scuola Media di PALERMO,CSLRNN13S03G273U
Scuola Media di PALERMO,CSLLRT13L09G273O
Scuola Media di PALERMO,CSLVTT12R20G273P
Scuola Media di PALERMO,CSLGTN11M03G273H
Scuola Media di PALERMO,CSLDFN11S03G273X
Scuola Media di PALERMO,CSLLRI12S05G273C
Scuola Media di PALERMO,CSLLSS12H07G273Z
Scuola Media di PALERMO,CSLCSM13B04G273M
Scuola Media di PALERMO,CSLSTR12R29G273E
Scuola Media di PALERMO,CSLDRA12A02G273T
Scuola Media di PALERMO,CSLTDD11C13G273R
Scuola Media di PALERMO,CSLDTR12D03G273Y
Scuola Media di PALERMO,FTTLTR13H17G273V
Scuola Media di PALERMO,FTTBRN12S02G273I
Scuola Elementare di LECCE,MRNDRA15R10E506J
Scuola Elementare di LECCE,MRNMMI17S24E506Z
Scuola Elementare di LECCE,MRNNTA17M20E506M
Scuola Elementare di LECCE,MRNRSL16A24E506P
Scuola Elementare di LECCE,GCNSNT14D16E506X
Scuola Elementare di LECCE,MRNMTN15S22E506U
Scuola Elementare di LECCE,MRNCLD14D30E506H
Scuola Elementare di LECCE,MRNGUO16R22E506O
Scuola Elementare di LECCE,MRNSRN18H06E506K
Scuola Elementare di LECCE,MRNNBL16P03E506X
Scuola Elementare di LECCE,MRNVTR15P16E506H
Scuola Elementare di LECCE,MRNGGN16R15E506T
Scuola Elementare di LECCE,MRNJCP16C19E506T
Scuola Superiore di CASERTA,CMALDE10D25B963T
Scuola Superiore di CASERTA,CMAPLN09P30B963Y
Scuola Superiore di CASERTA,CMAMLN08T20B963E
Scuola Elementare di TERNI,SMNLCN17B19L117B
Scuola Elementare di TERNI,SMNLCL16P22L117M
Scuola Elementare di TERNI,SMNLNZ18E08L117J
Scuola Elementare di TERNI,SMNWND15T15L117V
Scuola Elementare di TERNI,SMNNGL16R04L117F
Scuola Elementare di TERNI,SMNGBR14E12L117L
Scuola Elementare di TERNI,SMNVNT16B18L117D
Scuola Elementare di TERNI,SMNLDR15M27L117U
Scuola Elementare di TERNI,SMNDLA15A10L117K
Scuola Elementare di TERNI,SMNSML15T19L117F
Scuola Elementare di VERONA,LNZRFL17P30L781B
Scuola Superiore di AREZZO,TRDLDE10C15A390S
Scuola Superiore di AREZZO,TRDVSC09M24A390Z
Scuola Superiore di AREZZO,TRDGLE09C07A390X
Scuola Superiore di AREZZO,TRDLND08T03A390P
Scuola Media di AREZZO,TRDLDL12R04A390Z
Scuola Media di AREZZO,TRDCSM12B01A390F
Scuola Media di AREZZO,TRDDLC13B25A390E
Scuola Media di AREZZO,TRDFPP12P15A390T
Scuola Media di AREZZO,TRDGST13E07A390R
Scuola Media di AREZZO,TRDRCC11T20A390T
Scuola Media di AREZZO,TRDMNL12S22A390P
Scuola Media di AREZZO,TRDLCN11L07A390C
Scuola Media di AREZZO,TRDPCR12E23A390I
Scuola Media di AREZZO,TRDCAI13R24A390K
Scuola Media di AREZZO,TRDGIO12C23A390G
Scuola Superiore di BIELLA,BNNNCL10M07A859M
Scuola Superiore di BIELLA,BNNNNZ10R30A859S
Scuola Superiore di BIELLA,BNNGND09C28A859N
Scuola Superiore di BIELLA,BNNLMP10C09A859S
Scuola Superiore di BIELLA,BNNBND09H18A859T
Scuola Superiore di BIELLA,BNNFPP10M29A859M
Scuola Superiore di BIELLA,BNNBGD09A06A859T
Scuola Superiore di BIELLA,BNNFDR07E05A859H
Scuola Superiore di BIELLA,BNNCST07R10A859Z
Scuola Superiore di BIELLA,BNNGRG07A07A859U
Scuola Superiore di BIELLA,DAUGFR07B25A859X
Scuola Superiore di BIELLA,DAUDNL08M25A859O
Scuola Superiore di BIELLA,DAUFRZ07L07A859F
Scuola Superiore di BIELLA,DAULDA08C28A859R
Scuola Superiore di BIELLA,DAULRT08M27A859W
Scuola Superiore di BIELLA,DAUSNT10A06A859L
Scuola Superiore di BIELLA,DAUPRD10B27A859J
Scuola Superiore di BIELLA,DAURCC09C26A859U
Scuola Superiore di BIELLA,DAUFTN09B08A859Z
Scuola Superiore di BIELLA,DAULHN10H07A859N
Scuola Superiore di LECCE,GCNRGN07E12E506H
Scuola Superiore di LECCE,GCNTTR07S16E506Z
Scuola Superiore di LECCE,GCNPLA08L12E506D
Università di LUCCA,LBRVLR05M27E715D
Università di LUCCA,LBRDRN03M15E715E
Università di LUCCA,DLRGGI05C10E715Z
Università di LUCCA,DLRLDN05B13E715C
Università di LUCCA,DLRGRT06M12E715V
Università di LUCCA,DLRNCN03B28E715N
Università di LUCCA,DLRCAI06S12E715T
Università di LUCCA,DLRPLT04H20E715U
Università di LUCCA,DLRVGN05T22E715H
Università di LUCCA,DLRRNN06C22E715A
Università di LUCCA,DLRLSU06C23E715V
Università di LUCCA,DLRNLT04C18E715X
Università di LUCCA,DLRFPP06R16E715L
Università di LUCCA,DLRNTS02T12E715Z
Università di LUCCA,BNNNTL00S16E715F
Università di LUCCA,BNNCSG05E20E715C
Università di LUCCA,BNNCTN00P21E715Z
Università di LUCCA,BNNNSC01R11E715C
Università di LUCCA,BNNGBR00D16E715L
Università di LUCCA,BNNLBA00L01E715G
Università di LUCCA,BNNTTV02L10E715B
Università di LUCCA,BNNLNZ99E17E715Z
Scuola Superiore di PALERMO,CSLGLI09H10G273V
Scuola Superiore di PALERMO,CSLGRL09L15G273B
Scuola Superiore di PALERMO,CSLTTN10R19G273Y
Scuola Superiore di PALERMO,CSLTEA07C08G273I
Scuola Superiore di PALERMO,CSLFRZ07D06G273Q
Scuola Superiore di PALERMO,CSLBRT07M29G273Z
Scuola Superiore di PALERMO,CSLLCA08P30G273G
Scuola Superiore di PALERMO,CSLLNS08L15G273Y
Scuola Superiore di PALERMO,CSLBRC07B02G273Y
Scuola Superiore di PALERMO,CSLMLD07E21G273M
Scuola Superiore di PALERMO,FTTGRT07E07G273I
Scuola Superiore di PALERMO,FTTSDR07D07G273P
Scuola Superiore di PALERMO,FTTMMM07C10G273Y
Scuola Superiore di PALERMO,FTTMTN06S19G273V
Scuola Superiore di PALERMO,FTTRML07E08G273X
Scuola Superiore di PALERMO,FTTNTS10H03G273K
Scuola Superiore di PALERMO,FTTDNI09P01G273L
Scuola Superiore di PALERMO,FTTMDE09C10G273H
Scuola Superiore di PALERMO,FTTDNI09M16G273Q
Scuola Superiore di PALERMO,FTTLCD09B12G273C
Scuola Superiore di PALERMO,FTTLRT07R18G273P
Scuola Superiore di PALERMO,FTTSDR08H29G273G
Scuola Superiore di PALERMO,FTTYLN07S26G273T
Scuola Superiore di PALERMO,FTTMCL07R11G273M
Scuola Superiore di PALERMO,FTTMTA08B16G273S
Scuola Superiore di PALERMO,FTTGGI06T04G273A
Scuola Superiore di PALERMO,FTTLLE07S18G273A
Scuola Superiore di PALERMO,FTTSML07C13G273J
Scuola Superiore di PALERMO,FTTLBA08R20G273Y
Scuola Superiore di PALERMO,FTTLSN07B26G273C
Università di VERONA,LNZGCM02S30L781O
Università di VERONA,NLOGNR06M26L781H
Università di VERONA,NLOGBB06E11L781Y
Università di VERONA,NLODRN03P14L781P
Università di VERONA,NLODZN03B13L781Z
Università di VERONA,NLORNN05B11L781F
Università di VERONA,NLOGRD03C01L781A
Università di VERONA,NLOVNI05D19L781G
Università di VERONA,NLOSDR00C27L781P
Università di VERONA,NLOVTI00T27L781Z
Università di VERONA,NLOMIA01S30L781X
Università di VERONA,NLOTVN04B05L781I
Scuola Superiore di LUCCA,LBRFRC08H02E715Q
Scuola Superiore di LUCCA,LBRDBR06T10E715N
Scuola Superiore di LUCCA,DLRSDR08A15E715X
Scuola Superiore di LUCCA,DLRLNE07T18E715I
Scuola Superiore di LUCCA,DLRGAI08H28E715T
Scuola Superiore di LUCCA,DLRVNZ08D23E715W
Scuola Superiore di LUCCA,DLRLVC08M22E715O
Scuola Superiore di LUCCA,DLRLRD08M12E715M
Scuola Superiore di LUCCA,DLRYLO08B09E715D
Scuola Superiore di LUCCA,DLRDBR08M15E715S
Scuola Superiore di LUCCA,DLRCLL07S19E715Q
Scuola Superiore di LUCCA,DLRPTR07R24E715E
Scuola Superiore di LUCCA,DLRRZO07A30E715Y
Scuola Superiore di LUCCA,DLRGLL07E14E715F
Scuola Superiore di LUCCA,DLRDMN07C26E715V
Scuola Superiore di LUCCA,DLRMAI08B09E715I
Scuola Superiore di LUCCA,DLRDLL06T03E715D
Scuola Superiore di LUCCA,DLRCSR07B26E715N
Scuola Superiore di LUCCA,DLRDLU07T28E715B
Scuola Superiore di LUCCA,DLRMRA07S23E715G
Scuola Superiore di LUCCA,DLRCVN07R14E715I
Scuola Superiore di LUCCA,DLRMDE07T17E715U
Scuola Superiore di LUCCA,DLRBRT07D02E715F
Scuola Superiore di LUCCA,DLRPNG07S13E715A
Scuola Superiore di LUCCA,DLRCML08M29E715M
Scuola Superiore di LUCCA,NDNLRT09D18E715X
Scuola Superiore di LUCCA,NDNSVN10R17E715P
Scuola Superiore di LUCCA,NDNVND09T12E715W
Scuola Elementare di CASERTA,CMALRT18H13B963U
Scuola Elementare di CASERTA,CMAMRK16S02B963C
Scuola Elementare di CASERTA,CMALFA16P19B963E
Scuola Elementare di CASERTA,CMAVNT16T14B963N
Scuola Elementare di CASERTA,CMAMRM16L22B963Y
Scuola Elementare di CASERTA,CMACRL17R01B963L
Scuola Elementare di CASERTA,CMARSL14L09B963S
Scuola Elementare di CASERTA,CMAPRM14C24B963E
Scuola Media di ROMA,SMPDLD12R04H501Y
Scuola Media di ROMA,SMPRMN12S19H501B
Scuola Media di ROMA,SMPTNI11S24H501O
Scuola Media di ROMA,SMPMHL13D18H501N
Scuola Media di ROMA,SMPTVN11L13H501Y
Scuola Media di ROMA,SMPRLF12C31H501F
Scuola Media di ROMA,SMPCST11P23H501P
Scuola Media di ROMA,SMPMNO11H01H501H
Scuola Media di ROMA,SMPLRG11E05H501R
Scuola Superiore di TERNI,SMNGRN08P06L117X
Scuola Superiore di TERNI,SMNSVT07B11L117Z
Scuola Superiore di TERNI,SMNGST07D06L117K
Scuola Superiore di TERNI,SMNVCN07T29L117B
Scuola Superiore di TERNI,SMNLRN07P15L117A
Scuola Media di TERNI,SMNCVN12R23L117N
Scuola Media di TERNI,SMNGTN13D04L117V
Scuola Superiore di AOSTA,BRNLTZ10B10A326J
Scuola Media di FOGGIA,TRCCML13L11D643A
Scuola Media di FOGGIA,TRCGBR13D17D643M
Scuola Media di FOGGIA,TRCGPP13P20D643U
Scuola Media di FOGGIA,TRCVVN11M07D643P
Scuola Media di FOGGIA,DRNGRG13D07D643Q
Scuola Media di FOGGIA,DRNSNT13L18D643B
Scuola Media di FOGGIA,DRNSNN13B19D643T
Scuola Media di FOGGIA,MLCRNO11H22D643J
Scuola Media di FOGGIA,MLCRND12R15D643X
Scuola Media di FOGGIA,MLCSFN12L14D643T
Scuola Media di FOGGIA,MLCDLE13A14D643K
Scuola Media di FOGGIA,MLCMRN12M13D643U
Scuola Media di CASERTA,CMAPLG12M11B963V
Scuola Media di CASERTA,CMALND11M09B963X
Scuola Media di CASERTA,CMANMO13S10B963L
Scuola Media di CASERTA,CMALND13L29B963N
Scuola Media di CASERTA,CMAFNC11E20B963P
Scuola Media di CASERTA,CMAGGN13P02B963U
Scuola Media di CASERTA,CMABNC11C01B963E
Scuola Media di CASERTA,CMASCR11L03B963B
Scuola Media di LECCE,GCNCNL11C12E506K
Scuola Media di AOSTA,BRNDTL11A04A326W
Scuola Media di AOSTA,BRNMSM13S13A326Q
Scuola Media di AOSTA,BRNCPI11T26A326C
Scuola Media di AOSTA,BRNLNE13B15A326J
Università di FOGGIA,TRCSDR05M30D643F
Università di FOGGIA,TRCMMI05C03D643R
Università di FOGGIA,TRCSNT02T31D643M
Università di FOGGIA,TRCGLI05A24D643X
Università di FOGGIA,SPRNEE98T23D643M
Università di FOGGIA,SPRFLV01T15D643U
Università di FOGGIA,SPRLRG99B24D643A
Università di FOGGIA,GTALNE01C19D643Y
Università di FOGGIA,GTAFTM02H20D643O
Università di FOGGIA,GTAPLA01M23D643I
Università di FOGGIA,LTATZN99A09D643E
Università di FOGGIA,LTAMRN99M29D643B
Università di FOGGIA,LTATNZ99P10D643W
Università di FOGGIA,LTANRO03L03D643Z
Università di FOGGIA,LTAFSC06A29D643Z
Università di FOGGIA,LTAZRA03A20D643Q
Università di FOGGIA,ZNGCLS98L29D643E
Università di FOGGIA,CRMCLL02P14D643Y
Università di FOGGIA,CRMLRT00M18D643Q
Università di FOGGIA,CRSLHN05T05D643H
Università di FOGGIA,CRSBND05H02D643L
Università di FOGGIA,SMRPRL01R10D643D
Università di FOGGIA,PSSBDT04T30D643I
Università di FOGGIA,PSSYLO02T17D643J
Università di FOGGIA,PSSFLV03S19D643A
Università di FOGGIA,PSSMND02M07D643F
Università di FOGGIA,MRAPSQ96R11D643O
Università di FOGGIA,DRNGTN92H19D643M
Università di FOGGIA,DRNVIO91P09D643R
Scuola Superiore di PADOVA,DNTCCL08M24G224I
Scuola Superiore di PADOVA,DNTGDN08B19G224J
Scuola Superiore di PADOVA,DNTTZN08P17G224L
Scuola Superiore di PADOVA,DNTCLD07M10G224P
Scuola Superiore di VERONA,LNZGLI08E03L781P
Scuola Superiore di VERONA,LNZRRT08A22L781H
Scuola Superiore di VERONA,LNZMSC08M06L781O
Scuola Superiore di VERONA,LNZMLA07P20L781C
Scuola Superiore di VERONA,LNZNBR06T02L781C
Scuola Superiore di ROMA,SMPSNT09L25H501D
Scuola Superiore di ROMA,SMPLFA10B03H501A
Scuola Superiore di ROMA,SMPLHN10H06H501Q
Scuola Superiore di ROMA,SMPDLA10D22H501Q
Scuola Superiore di ROMA,SMPLLL10E27H501X
Scuola Superiore di ROMA,SMPDRO10B13H501C
Scuola Superiore di ROMA,SMPCMN10M13H501C
Scuola Superiore di ROMA,SMPMLA10D13H501A
Scuola Superiore di ROMA,SMPCCL10A28H501J
Scuola Superiore di ROMA,SMPLRZ10P26H501H
Scuola Superiore di ROMA,SMPSFN10M03H501M
Scuola Superiore di ROMA,SMPTNA10A29H501G
Scuola Superiore di ROMA,SMPCSM09L02H501O
Scuola Superiore di ROMA,SMPDRT09E26H501J
Scuola Superiore di ROMA,NZZMNC07R03H501P
Scuola Superiore di ROMA,NZZWLM07B18H501Y
Scuola Superiore di ROMA,NZZTMS06S26H501X
Scuola Superiore di ROMA,NZZDLE07A28H501Z
Scuola Superiore di ROMA,NZZMMI07D03H501S
Scuola Superiore di ROMA,NZZNRN07E27H501C
Scuola Superiore di ROMA,NZZGLR07C30H501C
Scuola Superiore di ROMA,NZZLCN07C23H501J
Scuola Superiore di ROMA,NZZVNA07B13H501P
Scuola Superiore di ROMA,NZZLRZ08M22H501K
Scuola Superiore di FOGGIA,TRCMNN06S14D643J
Scuola Superiore di FOGGIA,PSSLRA08B29D643J
Scuola Superiore di FOGGIA,PSSDLN07B16D643C
Scuola Media di BIELLA,BNNRST11L01A859B
Scuola Media di BIELLA,BNNGLL10T11A859K
Scuola Media di BIELLA,BNNSFN13A11A859X
Scuola Media di BIELLA,BNNGTN11P23A859U
Scuola Media di BIELLA,BNNGPP13E10A859M
Scuola Media di BIELLA,ZVTLDL12M09A859R
Scuola Media di BIELLA,ZVTFMN11S20A859Z
Scuola Media di BIELLA,ZVTLNE13A27A859F
Scuola Media di BIELLA,ZVTLVS13B21A859R
Scuola Media di BIELLA,DAUMLN13H06A859C
Scuola Media di BIELLA,DAUGLD13H19A859T
Scuola Media di BIELLA,DAUFRZ12M06A859L
Scuola Media di BIELLA,DAULDL13L20A859D
Scuola Media di BIELLA,DAUCVN13R13A859I
Scuola Media di BIELLA,DAULCA11M15A859N
Scuola Media di BIELLA,DAUBNT11H17A859O
Scuola Media di BIELLA,DAUNNI13C04A859W
Scuola Superiore di ROVIGO,BRCDNI07A15H620X
Università di VICENZA,BRCRNL06L16L840C
Università di VICENZA,BRCMNN03T19L840M
Università di ROVIGO,MRCVNI04B07H620G
Università di ROVIGO,MRCSVT03P11H620Q
Università di ROVIGO,LCNPQN00D07H620G
Università di ROVIGO,LCNCRL00D14H620M
Università di ROVIGO,LCNRLN02E19H620P
Università di ROVIGO,LCNVNC01E04H620K
Università di ROVIGO,LCNMIA00A04H620P
Università di ROVIGO,LCNBTL02R27H620D
Università di ROVIGO,LCNFLC01P08H620I
Università di ROVIGO,LCNBNR02C05H620G
Università di ROVIGO,LCNSDR01L31H620Y
Università di ROVIGO,LCNRLL02A02H620O
Università di ROVIGO,LCNGTV00L14H620D
Università di ROVIGO,LCNLBN99L03H620M
Università di ROVIGO,CSCDIA99H24H620D
Università di ROVIGO,CSCMRS99L11H620W
Università di ROVIGO,CSCMRA01T08H620E
Scuola Superiore di L'AQUILA,MRMSDR06T12A345Q
Scuola Superiore di L'AQUILA,MRMSST07E15A345B
Scuola Superiore di L'AQUILA,MRMNFR08D18A345A
Scuola Superiore di L'AQUILA,MRMSCN08H29A345G
Scuola Superiore di L'AQUILA,MRMCDD08D11A345C
Scuola Superiore di L'AQUILA,TRMGDL08A28A345Y
Scuola Superiore di L'AQUILA,TRMGZN07R27A345U
Scuola Superiore di L'AQUILA,DPRLCU07B23A345D
Scuola Superiore di L'AQUILA,BNDVEA07E20A345Q
Scuola Superiore di L'AQUILA,BNDPSQ08B04A345B
Scuola Superiore di L'AQUILA,BNDNMO08E29A345A
Scuola Superiore di L'AQUILA,BNDMND07H27A345T
Scuola Superiore di FERRARA,MRMLRT07H26D548Q
Scuola Superiore di FERRARA,MRMSST07E07D548T
Scuola Superiore di FERRARA,MRMRGR07P22D548D
Scuola Superiore di FERRARA,MRMMMM08E24D548H
Scuola Superiore di FERRARA,CSNSNN07B12D548R
Scuola Superiore di FERRARA,CSNCST08C30D548D
Scuola Superiore di FERRARA,CSNDLU08L07D548J
Scuola Superiore di FERRARA,CSNRLN07T27D548B
Scuola Superiore di FERRARA,SBBGLI07C01D548F
Scuola Superiore di FERRARA,SBBGVF08H18D548P
Scuola Superiore di FERRARA,SBBRRA08A11D548K
Scuola Superiore di FERRARA,SBBMLN08C08D548K
Scuola Superiore di FERRARA,SBBDNL07T22D548L
Scuola Superiore di FERRARA,SBBRMN07L09D548D
Scuola Superiore di FERRARA,SBBSFN06T26D548E
Scuola Superiore di FERRARA,SBBLNZ07B07D548D
Scuola Superiore di FERRARA,SBBCSN07B21D548L
Scuola Superiore di FERRARA,SBBRNI08E28D548G
Scuola Superiore di SAVONA,MRMFDL07C06I480A
Scuola Superiore di SAVONA,MRMLRG07T17I480O
Scuola Superiore di SAVONA,TRMVNT08P30I480V
Scuola Superiore di SAVONA,TRMSNL07M19I480Q
Scuola Superiore di SAVONA,TRMGRL08B06I480U
Scuola Superiore di SAVONA,BNDDNC07L31I480I
Scuola Superiore di SAVONA,BNDCST08E30I480X
Scuola Superiore di SAVONA,BNDNLT07R03I480B
Scuola Superiore di SAVONA,BNDCPI07L11I480U
Scuola Superiore di SAVONA,BNDSNT08E29I480O
Scuola Superiore di RAGUSA,MRMNBL06T24H163Z
Scuola Superiore di RAGUSA,MRMLND07M21H163F
Scuola Superiore di RAGUSA,MRMGPR08E27H163G
Scuola Superiore di RAGUSA,TRMBTL07P08H163V
Scuola Superiore di RAGUSA,TRMGRT08L06H163A
Scuola Superiore di RAGUSA,TRMCST08A20H163L
Scuola Superiore di RAGUSA,BNDFTN07M16H163K
Scuola Superiore di RAGUSA,BNDFNC07A04H163H
Scuola Superiore di RAGUSA,BNDLGR08M17H163Y
Scuola Superiore di RAGUSA,BNDVLM08A18H163D
Scuola Superiore di RAGUSA,BNDSDR07D09H163O
Scuola Superiore di RAGUSA,CSNNVE08A21H163Y
Scuola Superiore di RAGUSA,CSNLRA08H03H163L
Scuola Superiore di RAGUSA,CSNCSS08B01H163A
Scuola Superiore di RAGUSA,CSNMRC07M23H163Q
Scuola Superiore di RAGUSA,CSNCLN07T08H163T
Scuola Superiore di RAGUSA,CSNCSR08H10H163S
Scuola Superiore di RAGUSA,CSNLDN08M09H163M
Scuola Superiore di PISA,TRMPRN08P24G702G
Scuola Superiore di PISA,TRMDRA07E30G702F
Scuola Superiore di PISA,TRMVLI08E14G702I
Scuola Superiore di PISA,TRMLVO08A29G702P
Scuola Superiore di PISA,TRMMRN08C27G702N
Scuola Superiore di PISA,TRMSDI07S18G702U
Scuola Superiore di PISA,TRMTTI07P29G702W
Scuola Superiore di PISA,TRMGST08C24G702J
Scuola Superiore di PISA,TRMDRO07C08G702E
Scuola Superiore di PISA,GSTRZO07H29G702V
Scuola Superiore di PISA,BNDSLD07A30G702I
Scuola Superiore di PISA,BNDLRZ08H20G702R
Scuola Superiore di PISA,BNDCSM07E09G702I
Scuola Superiore di REGGIO DI CALABRIA,TRMLND07R31H224V
Scuola Superiore di REGGIO DI CALABRIA,GSTTLI08A23H224Q
Scuola Superiore di REGGIO DI CALABRIA,GSTNTA08P27H224Y
Scuola Superiore di REGGIO DI CALABRIA,GSTDNL07H27H224S
Scuola Superiore di REGGIO DI CALABRIA,GSTMLL08E03H224S
Scuola Superiore di REGGIO DI CALABRIA,ZNZDVD08H07H224L
Università di PISA,GSTFBL06H04G702U
Università di PISA,GSTVVN05T19G702F
Università di PISA,GSTPLP04E26G702K
Università di PISA,BNDFRZ02S25G702M
Università di PISA,BNDRCL06E01G702T
Università di PISA,BNDNEE06A22G702L
Università di L'AQUILA,BNDYND06B25A345J
Università di L'AQUILA,CSNLRD06A21A345V
Università di L'AQUILA,PCCGLI94T13A345V
Università di L'AQUILA,CRMRLF00E05A345J
Università di L'AQUILA,CRMSFN02L09A345G
Università di L'AQUILA,CRMLRN99D15A345R
Università di L'AQUILA,CRMLPA01P03A345M
Università di L'AQUILA,CRSRRT97A12A345H
Università di L'AQUILA,MNDRNR02M25A345W
Università di L'AQUILA,BTTVTR97B27A345A
Università di L'AQUILA,BTTDLE04T30A345N
Università di L'AQUILA,BTTTSC01C10A345V
Università di L'AQUILA,BTTSLL98T10A345F
Università di L'AQUILA,BTTGLD02C13A345I
Università di L'AQUILA,BTTWNN02C30A345U
Università di L'AQUILA,BTTMTN00T13A345P
Università di L'AQUILA,BTTCPI02C16A345Q
Università di L'AQUILA,BTTPNI02L14A345N
Scuola Superiore di BARI,BNDGND07R01A662N
Scuola Superiore di BARI,BNDDLA08R23A662B
Scuola Superiore di BARI,ZNZRND08L23A662R
Scuola Superiore di BARI,ZNZLRC08M12A662J
Scuola Superiore di BARI,CSNMLI07T11A662M
Scuola Superiore di BARI,CSNLCN08B05A662Q
Scuola Superiore di BARI,CSNGLL07L17A662Q
Università di SAVONA,CSNVTT04R15I480U
Università di SAVONA,CSNLLL05H28I480J
Università di SAVONA,RNZGAI94E14I480Z
Università di SAVONA,RNZGLL98C28I480Q
Università di SAVONA,RNZCTN96E27I480Y
Università di REGGIO DI CALABRIA,MDRMCL03M16H224O
Università di REGGIO DI CALABRIA,MDRCST06D26H224M
Università di REGGIO DI CALABRIA,MDRCML06D01H224T
Università di REGGIO DI CALABRIA,MDRBRC06M12H224Q
Università di RAGUSA,MDRMND05C03H163Y
Università di RAGUSA,MDRMRM06C10H163R
Università di RAGUSA,MDRPSQ03H26H163A
Università di GORIZIA,SPRRST90R10E098R
Università di GORIZIA,SPRMRK89B22E098D
Università di GORIZIA,CRSPPP01M01E098Q
Università di GORIZIA,CRSLND99B06E098Q
Università di GORIZIA,MNDCPI99S18E098Q
Università di GORIZIA,MNDTDD01B16E098O
Università di GORIZIA,MNDLDA04B03E098X
Università di GORIZIA,MNDRNI03R30E098C
Università di GORIZIA,MNDSLN00L14E098R
Università di GORIZIA,PVLCRL02M04E098I
Università di GORIZIA,PVLMND02R01E098D
Università di TRIESTE,SPRNZE93B17L424S
Università di TRIESTE,LTARST94C24L424O
Università di TRIESTE,LTAPQL94E21L424T
Università di TRIESTE,LTARNN98M23L424F
Università di TRIESTE,LTAVGL97D26L424Y
Università di TRIESTE,LTAVSC00T13L424J
Università di TRIESTE,LTAMLN00B15L424V
Università di TRIESTE,ZNGLSN02H07L424Z
Università di TRIESTE,ZNGCTN99L12L424V
Università di TRIESTE,ZNGCSM97S04L424B
Università di TRIESTE,ZNGRCC96D18L424E
Università di TRIESTE,ZNGNRC95A16L424S
Università di TRIESTE,CRSMSM94D30L424H
Università di TRIESTE,PVLLDA05D25L424B
Università di TRIESTE,PVLGUO03E03L424L
Università di TRIESTE,PVLLMP06H09L424S
Università di TRIESTE,PVLGMN06H10L424S
Università di TRIESTE,GRGSLM97M23L424L
Università di TRIESTE,GRGSFN98R13L424L
Università di TRIESTE,GRGVNT93S21L424U
Università di TRIESTE,MBRGTR04E17L424X
Università di TRIESTE,MBRDMN05E07L424U
Università di TRIESTE,MBRGCM03C25L424B
Università di TRIESTE,MBRGLR05C04L424B
Università di TRIESTE,MBRLVO03S12L424L
Università di TRIESTE,LNGZTI05M24L424P
Università di TRIESTE,LNGLNE03P06L424Q
Università di TRIESTE,LNGGZZ03M27L424C
Università di TRIESTE,LNGMNI05A22L424N
Università di TRIESTE,LNGPLM03T14L424S
Università di TRIESTE,LNGGGR05T01L424R
Università di TRIESTE,LNGLRZ05A03L424R
Università di BIELLA,SPRSTN05L01A859F
Università di BIELLA,GTAGMN99E12A859G
Università di BIELLA,GTALBR01A30A859L
Università di BIELLA,GTAFLV01L11A859N
Università di BIELLA,GTAMRK00L04A859U
Università di BIELLA,GTALDN02H16A859R
Università di BIELLA,LTAFLV02B19A859U
Università di BIELLA,LTASLM02M05A859H
Università di BIELLA,LTALRT01P24A859T
Università di BIELLA,CRSCMN93T22A859B
Università di BIELLA,PVLSVN99E28A859S
Università di BIELLA,PVLGNI98T05A859H
Università di BIELLA,DAUDNL97B15A859O
Università di BIELLA,DAULVC96A04A859Y
Università di BIELLA,DAULCL97C25A859N
Università di VARESE,MNNFLR04T05L682S
Università di VARESE,MNNLSS05C27L682F
Università di VARESE,LTAPNI99M14L682I
Università di VARESE,LTAYLN06C15L682A
Università di VARESE,LTACRI06M05L682P
Università di VARESE,LTALVN04P22L682I
Università di VARESE,LTASNO00M17L682W
Università di VARESE,MNDTLI01M16L682O
Università di VARESE,MNDBDT01L09L682B
Università di VARESE,MNDLIA99R25L682E
Università di VARESE,MNDCST00A08L682B
Università di VARESE,PVLFDN01P21L682V
Università di VARESE,PVLLLD99T11L682A
Università di VARESE,PVLMDL02S04L682R
Università di OSSOLA,GTAVNI99B19D223X
Università di OSSOLA,GTASRN99D16D223O
Università di OSSOLA,GTALVO01E13D223C
Università di OSSOLA,GTANNZ99E04D223C
Università di OSSOLA,GTADCC01M08D223X
Università di OSSOLA,GTAGLD02H27D223A
Università di OSSOLA,GTALLE01T06D223Y
Università di OSSOLA,PCCRBN98P17D223D
Università di OSSOLA,CRMGST01E08D223U
Università di OSSOLA,CRMCST99S06D223R
Università di OSSOLA,MNDLVN97B14D223X
Università di OSSOLA,MNDMNN96E05D223T
Università di OSSOLA,LAOTMR96D21D223S
Università di OSSOLA,LAOMLI95P28D223C
Università di OSSOLA,PLLNCL95E29D223S
Università di OSSOLA,GNMFNC95B14D223W
Università di OSSOLA,GNMLCI95P12D223S
Università di OSSOLA,GRGRND95T09D223J
Università di OSSOLA,GRGMMM96P02D223L
Università di RIMINI,GTALRZ99M08H294U
Università di RIMINI,LTAGLI99P23H294K
Università di RIMINI,LTAVTR00M30H294Z
Università di RIMINI,LTACSR00T24H294H
Università di RIMINI,LTASRI01B13H294U
Università di RIMINI,LVSRND95T16H294H
Università di RIMINI,LVSNBL95M23H294O
Università di LA SPEZIA,PCCFTN02E06E463R
Università di LA SPEZIA,LTANTS02E22E463K
Università di LA SPEZIA,LTAGLE98M24E463S
Università di LA SPEZIA,LTARNN97R22E463N
Università di LA SPEZIA,LTAVVN94T01E463D
Università di LA SPEZIA,LTAMRZ95R13E463H
Università di LA SPEZIA,ZNGSNT96S02E463W
Università di LA SPEZIA,PVLMRT02R15E463O
Università di MACERATA,ZNGSDR96H21E783T
Università di MACERATA,ZNGGLE02H19E783N
Università di MACERATA,ZNGSDR00E27E783C
Università di MACERATA,ZNGGTT01D11E783G
Università di MACERATA,ZNGSMN00R19E783L
Università di MACERATA,CRSDRA94B03E783J
Università di MACERATA,CRSPRZ98M10E783L
Università di MACERATA,CRSLIO95C15E783D
Scuola Elementare di LA SPEZIA,GRPVVN17D12E463V
Scuola Elementare di LA SPEZIA,GRPDIA14S22E463C
Scuola Elementare di LA SPEZIA,ZNGGTN15D09E463N
Scuola Elementare di LA SPEZIA,ZNGTCR14S06E463T
Scuola Elementare di LA SPEZIA,LTARGN14D26E463T
Scuola Elementare di LA SPEZIA,LTALLE14S16E463X
Scuola Elementare di TRIESTE,CRSNTL16R23L424W
Scuola Elementare di TRIESTE,LTACDD15L05L424L
Scuola Elementare di TRIESTE,LTAVTR15E13L424Z
Scuola Elementare di TRIESTE,ZNGDAA16H24L424Q
Scuola Elementare di TRIESTE,ZNGSTR17E27L424K
Scuola Elementare di TRIESTE,LTAFPP17C31L424P
Scuola Elementare di TRIESTE,GRGGLR17B27L424B
Scuola Elementare di TRIESTE,GRGDVG18B28L424W
Scuola Elementare di TRIESTE,GRGLCU17L20L424Y
Scuola Elementare di TRIESTE,GRGDNI15D05L424E
Scuola Elementare di TRIESTE,GRGTNZ18C03L424G
Scuola Elementare di TRIESTE,GRGMNZ16L21L424R
Scuola Elementare di TRIESTE,GRGDLR18A03L424O
Scuola Elementare di TRIESTE,GRGTNI13T10L424O
Scuola Elementare di TRIESTE,GRGFST16P24L424E
Scuola Elementare di TRIESTE,RSLGRN18E12L424H
Scuola Elementare di TRIESTE,RSLWLM17C17L424Z
Scuola Elementare di TRIESTE,RSLRRA16A24L424A
Scuola Elementare di TRIESTE,RSLMRA18B12L424R
Scuola Elementare di TRIESTE,MBRSRN14H30L424S
Scuola Elementare di TRIESTE,MBRMRZ14D25L424Z
Scuola Elementare di TRIESTE,MBRMCL16C19L424P
Scuola Elementare di TRIESTE,MBRDZN15E12L424N
Scuola Elementare di TRIESTE,SMRRNT17R27L424X
Scuola Elementare di TRIESTE,SMRFMN15S14L424W
Scuola Elementare di TRIESTE,MSPJCP17P18L424Z
Scuola Elementare di TRIESTE,MSPLND14L29L424F
Scuola Elementare di TRIESTE,MSPFNN17B13L424T
Scuola Elementare di TRIESTE,MSPVND17P05L424H
Scuola Elementare di TRIESTE,MSPNRN18S08L424N
Scuola Elementare di TRIESTE,LNGGRZ18H25L424M
Scuola Elementare di TRIESTE,LNGLSS18H28L424U
Scuola Elementare di TRIESTE,LNGTRS15E29L424P
Scuola Elementare di TRIESTE,LNGMLI18C04L424F
Scuola Elementare di TRIESTE,LNGZRA17M02L424W
Scuola Elementare di TRIESTE,LNGTSC18R06L424X
Scuola Elementare di TRIESTE,LNGBND16H18L424A
Scuola Elementare di TRIESTE,LNGMMM16B11L424I
Scuola Elementare di GORIZIA,CRSRLL14B05E098M
Scuola Elementare di GORIZIA,CRSRNN18H07E098D
Scuola Elementare di GORIZIA,SPRRNN14H27E098C
Scuola Elementare di GORIZIA,LTARNI18E22E098W
Scuola Elementare di GORIZIA,LTAGDL14P22E098R
Scuola Elementare di GORIZIA,CRSDND17P13E098H
Scuola Elementare di GORIZIA,CRSMTN18L09E098J
Scuola Elementare di GORIZIA,LTATVN15D05E098U
Scuola Elementare di GORIZIA,MNNTMR16P22E098Y
Scuola Elementare di BIELLA,CRSFRC15L24A859K
Scuola Elementare di BIELLA,CRSZRA18R12A859E
Scuola Elementare di BIELLA,BNZLNS17A05A859V
Scuola Elementare di BIELLA,ZLLLCN15D26A859L
Scuola Elementare di BIELLA,ZLLYNN18R29A859X
Scuola Elementare di BIELLA,RSLMNC17A17A859F
Scuola Elementare di BIELLA,RSLTBO16M04A859L
Scuola Elementare di BIELLA,RSLLNI17D12A859E
Scuola Elementare di BIELLA,DAUPRD14D01A859B
Scuola Elementare di BIELLA,DAUGLI14R03A859B
Scuola Elementare di BIELLA,DAUDAA14T23A859V
Scuola Elementare di BIELLA,DAUMTN13T04A859D
Scuola Elementare di BIELLA,DAUDRT18E21A859N
Scuola Elementare di BIELLA,DAUPNI14S27A859Q
Scuola Elementare di BIELLA,DAURZR17S22A859V
Scuola Elementare di BIELLA,DAUVNI18H09A859H
Scuola Elementare di BIELLA,DAUGST15D28A859I
Scuola Elementare di BIELLA,DAUMRZ17D08A859Q
Scuola Elementare di BIELLA,DAULND16R22A859T
Scuola Elementare di OSSOLA,MNDRFL14E26D223W
Scuola Elementare di OSSOLA,MNDRNN18A06D223Z
Scuola Elementare di OSSOLA,MNDGLI15A11D223C
Scuola Elementare di OSSOLA,PCCGTN16E02D223C
Scuola Elementare di OSSOLA,PCCFMN16A03D223Z
Scuola Elementare di OSSOLA,PCCVNA18S09D223F
Scuola Elementare di OSSOLA,PCCRCE15S29D223P
Scuola Elementare di OSSOLA,LAOLNE16D18D223W
Scuola Elementare di OSSOLA,LAOLSU16C24D223T
Scuola Elementare di OSSOLA,GRGLTR15B01D223H
Scuola Elementare di OSSOLA,GNMDNC18S11D223F
Scuola Elementare di OSSOLA,GNMVTR14L31D223W
Scuola Elementare di OSSOLA,GRGLVN18P11D223G
Scuola Elementare di OSSOLA,GRGLVN18B19D223Y
Scuola Elementare di OSSOLA,LAONLN18C07D223O
Scuola Elementare di OSSOLA,LAOLDA16B06D223T
Scuola Elementare di OSSOLA,LFNLDA16T22D223N
Scuola Elementare di OSSOLA,LFNDRO14L25D223Q
Scuola Elementare di OSSOLA,PLLPNI16R29D223L
Scuola Elementare di OSSOLA,PLLCPI17P03D223N
Scuola Elementare di OSSOLA,LFNCTN18E06D223D
Scuola Superiore di GORIZIA,SPRCML09T10E098V
Scuola Superiore di GORIZIA,SPRCLN10L24E098Y
Scuola Elementare di MACERATA,CRSRST18R17E783W
Scuola Superiore di SASSARI,NCRMLD08D15I452C
Scuola Superiore di SASSARI,NCRYND08H17I452S
Scuola Superiore di SASSARI,NCRNDA06S27I452L
Scuola Superiore di SASSARI,NCRVNN07H26I452X
Scuola Superiore di SASSARI,NCRFTN07L26I452O
Scuola Superiore di SASSARI,SLLLLD10R08I452V
Scuola Superiore di SASSARI,SLLRFL09E25I452Z
Scuola Superiore di SASSARI,SLLRND09L13I452M
Scuola Superiore di SASSARI,SLLLNI09E07I452Z
Scuola Superiore di FIRENZE,RNRMMM07T15D612B
Scuola Superiore di FIRENZE,RNRFMN08B24D612F
Scuola Superiore di FIRENZE,RNRDNT08M01D612S
Scuola Superiore di FIRENZE,RNRGLD08E08D612Z
Scuola Superiore di FIRENZE,RNRNNZ06S19D612W
Scuola Superiore di FIRENZE,RNRCLD08C15D612M
Scuola Superiore di FIRENZE,RNRGTR07E02D612I
Scuola Superiore di FIRENZE,RNRDRN08E10D612T
Scuola Superiore di FIRENZE,RNRMND06T16D612V
Scuola Superiore di FIRENZE,RNRTRS08C03D612P
Scuola Superiore di FIRENZE,RNRLFA06S26D612J
Scuola Superiore di FIRENZE,RNRGNN07B21D612Y
Scuola Superiore di FIRENZE,RNRCTN07D18D612N
Scuola Superiore di FIRENZE,RNRTCR07L17D612U
Scuola Superiore di FIRENZE,RNRDVG08M24D612G
Scuola Superiore di FIRENZE,RNRLRN08H15D612V
Scuola Superiore di FIRENZE,RNRSVR07B07D612T
Scuola Superiore di FIRENZE,RNRLPA08E02D612M
Scuola Superiore di FIRENZE,RNRGTN07R03D612F
Scuola Superiore di FIRENZE,RNRLCD07D11D612K
Scuola Superiore di FIRENZE,TRCDRA07E06D612Z
Scuola Superiore di FIRENZE,TRCCNL07D04D612N
Scuola Superiore di FIRENZE,TRCSVN07L10D612L
Scuola Superiore di FIRENZE,TRCCML07A24D612H
Scuola Superiore di FIRENZE,TRCWLM07M16D612K
Scuola Superiore di FIRENZE,TRCRNN07E05D612K
Scuola Superiore di FIRENZE,TRCSFO07L11D612O
Scuola Superiore di FIRENZE,TRCDRA08B15D612Q
Scuola Superiore di FIRENZE,TRCDLR07B04D612X
Scuola Superiore di FIRENZE,TRCWNN07S25D612U
Scuola Superiore di CREMONA,SCGGLL08A23D150A
Scuola Superiore di CREMONA,SCGSFO07R05D150I
Scuola Superiore di CREMONA,SCGLEO06T19D150L
Scuola Superiore di CREMONA,SCGLVI08L17D150U
Scuola Superiore di CREMONA,SCGNLN07P27D150U
Scuola Superiore di CREMONA,SCGDIA08E04D150J
Scuola Superiore di CREMONA,SCGLDA07L11D150R
Scuola Superiore di CREMONA,SCGMRG07D14D150L
Scuola Superiore di CREMONA,SCGVTI07B24D150W
Scuola Superiore di CREMONA,SCGLND07T28D150L
Scuola Superiore di CREMONA,SCGGLD07C03D150T
Scuola Superiore di CREMONA,SCGLRT08H19D150U
Scuola Superiore di CREMONA,SCGRZO07L05D150N
Scuola Superiore di CREMONA,SCGVVN08P10D150S
Scuola Superiore di CREMONA,SCGPRZ08D10D150A
Scuola Superiore di CREMONA,SCGPNG07R17D150J
Scuola Superiore di CREMONA,SCGNNI07C20D150R
Scuola Superiore di CREMONA,SCGGTN07E21D150M
Scuola Superiore di CREMONA,SCGNTL07R26D150F
Scuola Superiore di CREMONA,SCGVNI08M09D150F
Scuola Superiore di GROSSETO,CPPPLA07T14E202K
Scuola Superiore di GROSSETO,CPPNSC07C04E202I
Scuola Superiore di GROSSETO,LSUGDE08B22E202H
Scuola Superiore di GROSSETO,LSUCLL07R27E202A
Scuola Superiore di GROSSETO,LSUPIO07P29E202E
Scuola Superiore di GROSSETO,LSUCTN07C01E202Q
Scuola Superiore di GROSSETO,LSUDBR08M26E202M
Scuola Superiore di GROSSETO,LSULRD06S14E202Z
Università di CREMONA,SCGMSM06H25D150J
Università di CREMONA,SCGMCL06C04D150J
Università di CREMONA,SCGGRN04B25D150H
Università di CREMONA,SCGZTI05S08D150S
Università di CREMONA,SCGDAA06H12D150U
Università di CREMONA,SCGNNE05P09D150B
Università di CREMONA,SCGDRN05L16D150K
Università di CREMONA,SCGGDU04M10D150S
Università di CREMONA,SCGDLZ04M14D150Z
Università di CREMONA,BSCMTA91H07D150K
Università di CREMONA,MNDFNC90D03D150F
Università di FERRARA,SBBMLA05S11D548J
Università di FERRARA,SBBCLL04T13D548S
Università di FERRARA,SBBGTN04T22D548H
Università di FERRARA,SBBRMN04P15D548S
Università di FERRARA,SBBNTN04S05D548S
Università di FERRARA,SBBRND05R27D548V
Scuola Superiore di TARANTO,MNGSTR07M07L049T
Scuola Superiore di TARANTO,MNGFRC08D05L049X
Scuola Superiore di TARANTO,MNGLLE07P26L049A
Scuola Superiore di TARANTO,MNGCNZ08S02L049A
Scuola Superiore di TARANTO,MNGSLN08B26L049O
Scuola Superiore di TARANTO,MNGVDN08B02L049I
Scuola Superiore di TARANTO,MNGCRN07C27L049I
Scuola Superiore di TARANTO,MNGVTR07R14L049F
Università di ANCONA,FCCCST04P10A271X
Università di ANCONA,FCCRRT03S10A271Q
Università di ANCONA,FCCBLD05C11A271A
Università di ANCONA,PGLVTR93P03A271H
Università di ANCONA,PGLSRA92L04A271J
Università di ANCONA,PGLSRN89C07A271K
Università di ANCONA,GNMZRA98D16A271N
Università di ANCONA,SCSMLN03H19A271G
Università di ANCONA,SCSLNE05R07A271A
Università di ANCONA,SCSVGL05E21A271Y
Università di ANCONA,PLLCMN97M20A271I
Scuola Superiore di ANCONA,FCCLCU08P13A271K
Scuola Superiore di ANCONA,FCCSVN08P28A271C
Scuola Superiore di ANCONA,FCCRMN07H11A271C
Scuola Superiore di ANCONA,FCCLNE08B10A271A
Scuola Superiore di ANCONA,FCCNTA08B26A271H
Università di FROSINONE,DRANNZ06E14D810D
Scuola Superiore di FROSINONE,BTTGTV06T10D810R
Scuola Superiore di FROSINONE,BTTPNI07P14D810R
Scuola Superiore di FROSINONE,BTTGLI08B21D810I
Scuola Superiore di FROSINONE,BTTPSC07E25D810O
Scuola Superiore di FROSINONE,BTTFNZ07L24D810A
Scuola Superiore di PIACENZA,CZZCST07H20G535T
Scuola Superiore di PIACENZA,CZZVND07H27G535U
Scuola Superiore di PIACENZA,CZZRTT07D13G535F
Scuola Superiore di PIACENZA,CZZNNZ08D12G535M
Scuola Superiore di PIACENZA,CZZFLC06T03G535X
Scuola Superiore di PIACENZA,RFFLCU07C29G535D
Scuola Superiore di PIACENZA,RFFCRL07R21G535W
Scuola Superiore di PIACENZA,RFFVLR08M24G535L
Scuola Superiore di PIACENZA,RFFVDN07R09G535J
Scuola Superiore di PIACENZA,RFFSVS07T26G535Q
Scuola Superiore di PIACENZA,RFFSDI07C11G535E
Scuola Superiore di PIACENZA,RFFCST07C20G535G
Scuola Superiore di PIACENZA,RFFFNZ08R07G535P
Università di FIRENZE,RNRCST04R07D612M
Università di FIRENZE,RNRFRS05C29D612O
Università di FIRENZE,RNRGMN03A27D612K
Università di FIRENZE,TRCSRG05P30D612B
Università di FIRENZE,TRCDNL05D29D612A
Università di FIRENZE,TRCVNI04A11D612M
Università di FIRENZE,TRCLNI05P08D612X
Università di FIRENZE,TRCVLR03T28D612L
Università di FIRENZE,TRCRML04S06D612I
Università di FIRENZE,TRCDZN06E06D612A
Università di FIRENZE,TRCTLD03C30D612V
Università di FIRENZE,TRCDLE05R18D612B
Università di FIRENZE,TRCCLD03H12D612S
Università di FIRENZE,TRCSLD04A24D612Y
Università di FIRENZE,TRCTEA06L05D612I
Università di TARANTO,MNGSNO03B12L049P
Università di TARANTO,MNGFPP04B24L049S
Università di TARANTO,MNGBNC03D20L049Q
Università di TARANTO,MNGCST06R20L049E
Università di TARANTO,TRANSC89H29L049I
Università di GROSSETO,CPPCLO03B12E202P
Università di GROSSETO,LSUVLI04R15E202I
Università di GROSSETO,LSUDTR05H14E202P
Università di GROSSETO,LSUCLL04P23E202I
Università di GROSSETO,LSUSST06H28E202Q
Università di GROSSETO,LSUZOE04A06E202J
Università di GROSSETO,LSUZOE03R06E202P
Università di GROSSETO,LSULDR01D09E202N
Università di LECCO,BNDRLN92M29E507W
Università di IMPERIA,PTRRMN97D02E290H
Università di IMPERIA,PTRYLO95D02E290Z
Università di IMPERIA,PTRPRI98B10E290H
Università di IMPERIA,PTRCMN95L28E290D
Università di IMPERIA,PTRLSS97P26E290I
Università di IMPERIA,PTRLDA95C20E290X
Università di MESSINA,BRTLDN93L08F158I
Università di MESSINA,BRTSST93C15F158W
Università di MESSINA,BRTCLN92M25F158F
Università di MESSINA,RSLCAI96A15F158I
Università di MESSINA,RSLSFN95M12F158X
Università di MESSINA,RSLCMN94R16F158L
Università di MESSINA,RSLTRS94L18F158X
Scuola Media di IMPERIA,PTRGRT12R10E290Q
Scuola Media di IMPERIA,PTRFSC11C24E290H
Scuola Media di IMPERIA,PTRSFO11P15E290I
Scuola Media di IMPERIA,PTRCLO11S24E290P
Scuola Media di IMPERIA,PTRBSL12S02E290O
Scuola Media di IMPERIA,PTRGBB13L14E290V
Scuola Media di IMPERIA,PTRLEO13E11E290S
Scuola Media di IMPERIA,PTRPMR11C16E290R
Scuola Media di IMPERIA,PTRVNA11P05E290D
Scuola Media di IMPERIA,PTRRMR11B24E290J
Scuola Media di IMPERIA,PTRSTN13D08E290T
Scuola Media di IMPERIA,PTRGRM11R31E290J
Scuola Elementare di SAVONA,RNZRND15H09I480X
Scuola Elementare di SAVONA,RNZMLD14P04I480B
Scuola Elementare di SAVONA,RNZRLN16D04I480W
Scuola Elementare di SAVONA,RNZSNL15L11I480Z
Scuola Elementare di SAVONA,RNZRFL15S24I480J
Scuola Elementare di SAVONA,RNZLVR18H10I480F
Scuola Elementare di SAVONA,RNZNNZ18L07I480B
Scuola Elementare di SAVONA,RNZLNE13T13I480A
Scuola Elementare di SAVONA,RNZRCR18H26I480V
Scuola Elementare di SAVONA,RNZCMB15L21I480Y
Scuola Elementare di SAVONA,RNZCHR17S10I480X
Scuola Elementare di SAVONA,RNZNFR18H03I480P
Scuola Elementare di SAVONA,RNZSFN17L30I480Z
Scuola Elementare di SAVONA,RNZGFR16B22I480P
Scuola Elementare di SAVONA,RNZLCU14T20I480X
Scuola Elementare di SAVONA,RNZMCL16M24I480D
Scuola Elementare di SAVONA,RNZPLA14L11I480U
Scuola Elementare di SAVONA,RNZLRG17P27I480U
Scuola Elementare di SAVONA,RNZTLD14H30I480R
Scuola Media di LECCO,BNDSST13R15E507Y
Scuola Media di LECCO,BNDLTZ11P20E507H
Scuola Media di LECCO,BNDGST12A10E507S
Scuola Media di LECCO,BNDSLV12T06E507Y
Scuola Media di LECCO,BNDBND11B19E507X
Scuola Media di LECCO,BNDRMI11B11E507V
Scuola Media di LECCO,BNDMLE10S30E507M
Scuola Media di PISTOIA,ZVTCTN13P04G713D
Scuola Media di PISTOIA,ZVTCDD11B13G713G
Scuola Media di PISTOIA,ZVTNGL11E01G713I
Scuola Media di PISTOIA,ZVTSFN11T25G713H
Scuola Media di PISTOIA,ZVTGAI11S14G713X
Scuola Media di PISTOIA,ZVTMRN10T03G713N
Scuola Media di PISTOIA,ZVTNSC11L01G713R
Scuola Media di PISTOIA,ZVTNVE12H10G713H
Scuola Media di PISTOIA,ZVTPQN11A14G713F
Scuola Media di PISTOIA,DDNGDN13M17G713W
Scuola Media di MESSINA,BRTTBO12R26F158Q
Scuola Media di MESSINA,BRTMRN13H21F158L
Scuola Media di MESSINA,BRTLNS13E02F158W
Scuola Media di MESSINA,BRTSML12C04F158T
Scuola Media di MESSINA,BRTRGR12A16F158Y
Scuola Media di MESSINA,BRTRNI13D23F158U
Scuola Elementare di PISTOIA,ZVTGDL16L13G713B
Scuola Elementare di PISTOIA,ZVTMRO13S25G713X
Scuola Elementare di PISTOIA,ZVTDZN16P30G713L
Scuola Elementare di PISTOIA,ZVTLND14A30G713C
Scuola Elementare di PISTOIA,ZVTNCN17L20G713E
Scuola Elementare di PISTOIA,ZVTRSM16E12G713V
Scuola Elementare di PISTOIA,ZVTFMN18A07G713V
Scuola Elementare di PISTOIA,ZVTRMN14A30G713Q
Scuola Elementare di PISTOIA,ZVTMDA15R24G713C
Scuola Elementare di PISTOIA,ZVTRST18S01G713B
Scuola Elementare di PISTOIA,ZVTMRN14P20G713C
Scuola Elementare di PISTOIA,DDNRNL16M09G713Y
Scuola Elementare di PISTOIA,DDNGNI17R17G713Y
Scuola Elementare di PISTOIA,DDNSVR18P04G713W
Scuola Elementare di PISTOIA,DDNMCL14T10G713F
Scuola Elementare di PISTOIA,DDNGAI17T15G713H
Scuola Elementare di PISTOIA,DDNTTO18D08G713M
Scuola Elementare di MESSINA,BRTCRL15M05F158N
Scuola Elementare di MESSINA,BRTNLT17B25F158O
Scuola Elementare di MESSINA,BRTMDL14E12F158F
Scuola Elementare di MESSINA,BRTLVR16H24F158C
Scuola Elementare di MESSINA,BRTRNN14B13F158S
Scuola Elementare di MESSINA,BRTMLD17E15F158F
Scuola Elementare di MESSINA,SMRPQL17E24F158Q
Scuola Elementare di MESSINA,SMRNBR16B03F158A
Scuola Elementare di MESSINA,SMRRGR16E21F158X
Scuola Elementare di MESSINA,SMRCNZ17A12F158S
Scuola Media di VARESE,MNIGST11P07L682R
Scuola Media di VARESE,MNICLR12H02L682G
Scuola Media di VARESE,MNIMRN13B16L682L
Scuola Media di VARESE,MNITEA13A18L682L
Scuola Media di VARESE,MNIFLV13S12L682K
Scuola Elementare di PAVIA,LCTNNI14D07G388Z
Scuola Elementare di PAVIA,LCTRMN17M26G388U
Scuola Elementare di PAVIA,LCTRNN16D04G388C
Scuola Elementare di PAVIA,LCTLVO14P11G388Z
Scuola Elementare di PAVIA,RCNCST17A04G388Q
Scuola Elementare di PAVIA,GRLTLL18L14G388C
Scuola Elementare di PAVIA,GRLSST18R13G388T
Scuola Elementare di PAVIA,GRLCLL14C05G388L
Scuola Elementare di PAVIA,GRLSFO15P29G388W
Scuola Elementare di PAVIA,GRLFLC14B19G388J
Scuola Elementare di LUCCA,NDNLDR18L03E715C
Scuola Elementare di LUCCA,NDNLCA16B29E715T
Scuola Elementare di LUCCA,NDNRZR15S16E715M
Scuola Elementare di LUCCA,NDNRNN14B08E715V
Scuola Elementare di LUCCA,NDNZRA16T29E715Y
Scuola Elementare di LUCCA,NDNLGO15C02E715D
Scuola Elementare di LUCCA,NDNCSR15H25E715Q
Scuola Elementare di LUCCA,NDNLRD16S26E715F
Scuola Elementare di LUCCA,NDNVNC17A30E715D
Scuola Elementare di LUCCA,NDNGBB18R20E715A
Scuola Elementare di LUCCA,NDNLDR14T19E715X
Scuola Media di L'AQUILA,FRNLRD12R20A345F
Scuola Media di L'AQUILA,FRNFTN11A10A345G
Scuola Media di L'AQUILA,FRNFNZ13H29A345L
Scuola Media di L'AQUILA,FRNGLD12A29A345J
Scuola Media di L'AQUILA,FRNSNT11E23A345U
Scuola Media di L'AQUILA,FRNMLN13H26A345K
Scuola Media di L'AQUILA,FRNVND11T02A345I
Scuola Media di L'AQUILA,FRNPLT12M19A345Y
Scuola Media di L'AQUILA,FRNVLM13L21A345Q
Scuola Elementare di VARESE,MNITLL18H27L682L
Scuola Elementare di VARESE,MNICST14A27L682Q
Scuola Elementare di VARESE,MNIMNO16M26L682U
Scuola Elementare di VARESE,MNIVVN17C18L682J
Scuola Elementare di VARESE,MNIPLL16S29L682E
Scuola Elementare di VARESE,MNIRHL13S28L682O
Scuola Elementare di IMPERIA,PTRFST17L27E290L
Scuola Elementare di IMPERIA,PTRVGN15P15E290Q
Scuola Elementare di IMPERIA,PTRRST15H02E290U
Scuola Elementare di IMPERIA,PTRLRT13S15E290M
Università di SIRACUSA,PLLRBN04R20I754Z
Università di SIRACUSA,PLLRND05R14I754R
Università di SIRACUSA,PLLLNI06D02I754L
Università di SIRACUSA,PLLLRZ03E04I754T
Università di SIRACUSA,PLLBDT04D26I754J
Università di SIRACUSA,BMNGST02B15I754V
Università di SIRACUSA,PLLRZO04C19I754N
Università di SIRACUSA,PLLGMN03H22I754S
Università di SIRACUSA,PLLGBB03D29I754U
Università di SIRACUSA,PDRGST92H16I754Q
Università di PIACENZA,RFFLSI03S08G535X
Università di PIACENZA,RFFDLE05L06G535T
Università di PIACENZA,RFFRMI06A01G535I
Università di PIACENZA,RFFLNR04R06G535H
Università di PIACENZA,RFFMRN06D04G535N
Università di PIACENZA,RFFVTT03R10G535Z
Università di PIACENZA,RFFLRT01P24G535L
Università di PIACENZA,RFFNMO01B16G535U
Università di PIACENZA,RFFPLT06L30G535K
Università di PIACENZA,RFFVLM04P06G535R
Università di PIACENZA,CSCPNI96T22G535Y
Università di PIACENZA,RSLMCL95D09G535R
Università di PIACENZA,RSLSND98A08G535Z
Università di PIACENZA,RSLMLD95E26G535G
Università di PIACENZA,RSLRBN94H08G535A
Università di PIACENZA,MLNJCP95R27G535K
Università di PIACENZA,MLNTLD98R04G535A
Università di PIACENZA,MLNSLL98M26G535Z
Università di PIACENZA,MLNDRN95D27G535E
Università di PIACENZA,MLNDNT96E15G535U
Università di PIACENZA,MLNLRD94E25G535Z
Università di PIACENZA,RSLCRL91R19G535I
Università di PIACENZA,RSLBTL93A16G535C
Università di PIACENZA,GGLDCC98D10G535E
Università di PIACENZA,GGLCLL98E13G535T
Università di GENOVA,BSSMRG03M19D969V
Università di GENOVA,BSSSRA05P28D969H
Università di GENOVA,BSSGIO06P02D969F
Università di GENOVA,BSSMCL04L16D969E
Università di GENOVA,BSSRMI03C29D969A
Università di GENOVA,BSSSTR05S10D969U
Università di GENOVA,BSSNGL03A12D969B
Università di GENOVA,BSSCLR06D19D969K
Università di GENOVA,BSSCLD05R23D969J
Università di GENOVA,BSSLSS03S21D969K
Università di GENOVA,BSSGZZ03R30D969V
Università di GENOVA,BSSDBR03T02D969U
Università di GENOVA,BSSGZN04D07D969W
Università di CUSIO,GNNMTT99C20D223S
Università di CUSIO,GNNPMR01D06D223J
Università di CUSIO,GNNGFR00A24D223K
Università di CUSIO,GNNNDA99A21D223O
Università di CUSIO,GNNLCU05T06D223G
Università di CUSIO,GNNSVN05H30D223D
Università di CUSIO,GNNNMO05D06D223I
Università di CUSIO,GNNLND06D16D223Z
Università di CUSIO,GNNLRD05B01D223P
Università di CUSIO,GNNPML04S20D223Z
Università di CUSIO,GNNCHR05R22D223S
Università di CUSIO,GNNDTT06H01D223V
Università di CUSIO,GNNVLM05R10D223O
Università di CUSIO,GNNFSC03D25D223G
Università di CUSIO,GNNMNC04B02D223F
Università di CUSIO,GNNLDN02L15D223N
Università di CUSIO,GNNMRN06S10D223P
Università di CUSIO,GNNLRG02C08D223N
Università di CUSIO,GNNLDI99T21D223H
Università di CUSIO,GNNNSC02C27D223P
Università di CUSIO,MRGGRN05B21D223Y
Università di CUSIO,MRGLRA06E16D223O
Università di CUSIO,MRGGLI04A25D223C
Università di CUSIO,MRGTTV03D10D223E
Università di CUSIO,MRGCPI00S13D223X
Università di CUSIO,MRGLMO01L01D223M
Università di CUSIO,MRGMLT00C12D223K
Università di CUSIO,MRGLND02D22D223O
Università di CUSIO,MRGLRT99P01D223I
Università di CUSIO,MRGSLV00R16D223F
Università di CUSIO,MRGGDI02B09D223I
Università di CUSIO,MRGFLC00B13D223J
Università di CUSIO,MRGGVR00A11D223Z
Università di VENEZIA,CRSLBT05C18L736L
Università di VENEZIA,CRSZTI06D05L736Y
Università di VENEZIA,CRSFNC05S22L736C
Università di VENEZIA,CRSGGN06E11L736B
Università di AGRIGENTO,CCRNCL06A03A089L
Università di AGRIGENTO,CCRGTN04A16A089W
Università di AGRIGENTO,CCRVGN06L12A089H
Università di AGRIGENTO,CCRDRN03E07A089V
Università di AGRIGENTO,CCRRGR04D23A089L
Università di AGRIGENTO,CCRRCC04M10A089Q
Università di AGRIGENTO,CCRVGL04T30A089L
Università di AGRIGENTO,CCRNNI04S02A089E
Università di AGRIGENTO,CCRTSC05A03A089O
Università di AGRIGENTO,DMRGST90T03A089G
Università di AGRIGENTO,DMRBSL89T31A089W
Università di AGRIGENTO,MNDPLA92P17A089B
Scuola Superiore di GENOVA,BSSFTN08M07D969B
Scuola Superiore di GENOVA,BSSLVN08H16D969B
Scuola Superiore di GENOVA,BSSVND07L25D969W
Scuola Superiore di GENOVA,BSSMDL07M31D969K
Scuola Superiore di GENOVA,BSSTSC08E22D969J
Scuola Superiore di GENOVA,BSSRGR08H18D969U
Scuola Superiore di GENOVA,BSSLRZ07A29D969B
Scuola Superiore di GENOVA,BSSGST08H25D969D
Università di TREVISO,BLDLDI01A14L407Q
Università di TREVISO,BLDLHN01D13L407J
Università di TREVISO,BLDCCT04B20L407L
Università di TREVISO,BLDPCC04R23L407V
Università di TREVISO,BLDMRZ05C08L407A
Università di TREVISO,BLDMLE03C15L407U
Università di CESENA,STMGND01D13C573U
Università di CESENA,STMDMN98T23C573I
Scuola Superiore di SIRACUSA,PLLRCL07T06I754X
Scuola Superiore di SIRACUSA,PLLCTN07H01I754H
Scuola Superiore di SIRACUSA,PLLSBN07E06I754Q
Scuola Superiore di SIRACUSA,PLLSDR07S06I754E
Scuola Superiore di SIRACUSA,PLLBRN08S11I754X
Scuola Superiore di SIRACUSA,PLLPCC07B09I754E
Scuola Superiore di SIRACUSA,PLLVVN07P06I754X
Scuola Superiore di SIRACUSA,PLLMRZ07H24I754I
Scuola Superiore di SIRACUSA,PLLSLN07P04I754I
Scuola Superiore di SIRACUSA,PLLGVR08P03I754F
Scuola Superiore di SIRACUSA,PLLGNR07H29I754S
Scuola Superiore di SIRACUSA,PLLBGI06S20I754Z
Scuola Superiore di SIRACUSA,PDRPLG10C31I754I
Scuola Superiore di SIRACUSA,PDRYLN10M19I754E
Scuola Superiore di SIRACUSA,PDRMLN09E19I754T
Scuola Superiore di SIRACUSA,PDRFNZ09C10I754Q
Scuola Superiore di SIRACUSA,PDRRSL09R04I754Q
Scuola Superiore di SIRACUSA,PDRDLU09L28I754L
Scuola Superiore di SIRACUSA,PDRDNI09A05I754E
Scuola Superiore di AGRIGENTO,CCRGDE07C04A089G
Scuola Superiore di AGRIGENTO,CCRMRK07A04A089P
Scuola Superiore di AGRIGENTO,CCRLND08E16A089J
Scuola Superiore di AGRIGENTO,CCRMNI07C13A089C
Scuola Superiore di AGRIGENTO,CCRCSR07M11A089Z
Scuola Superiore di AGRIGENTO,DMRLRT09E19A089G
Scuola Superiore di AGRIGENTO,DMRLND08S17A089A
Scuola Superiore di AGRIGENTO,MNDLNZ08S25A089E
Scuola Superiore di AGRIGENTO,MNDSTR10P29A089N
Scuola Superiore di CUSIO,GNNCML07M18D223M
Scuola Superiore di CUSIO,GNNRFL06T08D223Q
Scuola Superiore di CUSIO,GNNTTR07S23D223O
Scuola Superiore di CUSIO,GNNSDR06T01D223Y
Scuola Superiore di VENEZIA,CRSRBN08D07L736N
Scuola Superiore di VENEZIA,CRSGLI08P12L736M
Scuola Superiore di VENEZIA,CRSLDI08B22L736S
Scuola Superiore di VENEZIA,CRSLLL08A17L736E
Scuola Superiore di VENEZIA,CRSRGR07H05L736L
Scuola Superiore di VENEZIA,CRSGPP08A06L736Z
Scuola Superiore di VENEZIA,CRSGDU07R02L736E
Università di VERCELLI,ZVTMRO97M25L750F
Università di VERCELLI,ZVTPQL90L21L750V
Università di VERCELLI,PGLZRA97R30L750Q
Università di VERCELLI,PGLCSM94S22L750N
Università di VERCELLI,PGLMNI95M04L750K
Università di VERCELLI,CLSLVR98M10L750T
Università di VERCELLI,CLSLVR97M07L750H
Università di VERCELLI,NGLRNN95P30L750R
Università di VERCELLI,NGLFMN97D02L750K
Università di VERCELLI,NGLCMB98P22L750U
Università di VERCELLI,NGLZNE97R28L750O
Università di VERCELLI,NGLDNT97T22L750Z
Università di CHIETI,BNZLHN97R01C632I
Università di CHIETI,BNZFLC98C13C632K
Università di CHIETI,BNZLIO98R08C632F
Università di CHIETI,MBRVCN95P21C632S
Università di CHIETI,MBRMRN95L17C632D
Università di CHIETI,MBRVLM93T16C632N
Università di CHIETI,MBRPLG95T03C632U
Università di CHIETI,MBRDRA97H18C632Y
Università di CHIETI,MBRCLL95M19C632F
Università di CHIETI,BNZMRN97B25C632H
Università di CHIETI,MBRCMN95E19C632M
Università di CHIETI,MBRVTR96A29C632Z
Università di CHIETI,MBRFDL95L29C632Y
Università di BRINDISI,CNZRND90E23B180A
Università di BRINDISI,CNZLEA92D10B180Z
Università di BRINDISI,CNZMNZ96C15B180Y
Università di BRINDISI,CNZTEA91S19B180F
Università di BRINDISI,CNZGRG93M25B180Y
Università di BRINDISI,DMLTTN92P23B180K
Università di BRINDISI,DMLMRA06D09B180K
Scuola Elementare di OLBIA,ZLLCGR15D02G015G
Scuola Elementare di OLBIA,ZLLLRA16B20G015J
Scuola Elementare di OLBIA,ZLLCCT18E03G015F
Scuola Elementare di OLBIA,ZLLNRN14R23G015K
Scuola Elementare di OLBIA,ZLLPRI17D18G015U
Scuola Elementare di OLBIA,ZVTRLN17A04G015A
Scuola Elementare di OLBIA,ZVTCDD18S13G015P
Scuola Elementare di OLBIA,ZVTVLR13T25G015X
Scuola Elementare di OLBIA,MBRVVN13T25G015U
Scuola Elementare di OLBIA,MBRDRO15B14G015K
Scuola Elementare di OLBIA,MBRMNC15E24G015D
Scuola Elementare di OLBIA,MBRLDI13T23G015W
Scuola Elementare di OLBIA,MBRDCC15D09G015N
Scuola Elementare di CHIETI,ZVTFCT17B16C632F
Scuola Elementare di CHIETI,ZVTCGR16D06C632P
Scuola Elementare di CHIETI,ZVTTBO14B23C632Z
Scuola Elementare di CHIETI,ZVTRNO17P07C632F
Scuola Elementare di CHIETI,ZLLCLL16M25C632P
Scuola Elementare di CHIETI,ZLLLVI16C25C632O
Scuola Elementare di CHIETI,RSLRRA16B26C632Z
Scuola Elementare di CHIETI,RSLSNN17S15C632J
Scuola Elementare di CHIETI,RSLLSS15T15C632Z
Scuola Elementare di CHIETI,RSLSFO14M08C632L
Scuola Elementare di CHIETI,RSLDTL14L15C632B
Scuola Elementare di CHIETI,RSLVTI15A18C632U
Scuola Elementare di CHIETI,RSLLRD17S14C632C
Scuola Elementare di CHIETI,TRADLM18P19C632F
Scuola Elementare di CHIETI,TRALEA15P09C632C
Scuola Elementare di CHIETI,TRAFBA14A24C632A
Scuola Elementare di CHIETI,CMNCMN15H08C632G
Scuola Elementare di CHIETI,ZLLYLN15L12C632P
Scuola Elementare di CHIETI,ZLLRMN18A21C632S
Scuola Elementare di CHIETI,ZLLSVN17T28C632Q
Scuola Elementare di CHIETI,RSLNRC14C12C632P
Scuola Elementare di CHIETI,RSLPNG14M11C632P
Scuola Elementare di CHIETI,ZVTLBN16B23C632S
Scuola Elementare di CHIETI,ZVTGNT17C11C632L
Scuola Elementare di CHIETI,ZVTLCN15H23C632N
Scuola Elementare di CHIETI,ZVTGLR15T10C632B
Scuola Elementare di CHIETI,ZVTTMS17B17C632H
Scuola Elementare di CHIETI,ZVTNVE15C28C632L
Scuola Elementare di CHIETI,ZVTSLN16M14C632W
Scuola Elementare di CHIETI,ZVTPML14R08C632C
Scuola Elementare di CHIETI,ZVTMLI15T28C632R
Scuola Elementare di CHIETI,MBRTLI14T24C632I
Scuola Elementare di CHIETI,MBRVLR18P15C632P
Scuola Elementare di CHIETI,MBRRRG13S20C632X
Scuola Elementare di CHIETI,MBRDNI15T17C632Q
Scuola Elementare di CHIETI,TBLFNZ16M24C632Z
Scuola Elementare di CHIETI,TBLRMN16A21C632X
Scuola Elementare di CHIETI,TBLMLD18A21C632W
Scuola Elementare di CHIETI,TBLNCN16C25C632X
Scuola Elementare di CHIETI,TBLFDR13S19C632G
Scuola Elementare di CHIETI,MBRNCN14M07C632S
Scuola Elementare di CHIETI,MBRTTV17M13C632J
Scuola Elementare di CHIETI,MBRLNI18M30C632R
Scuola Elementare di CHIETI,MBRSLN15R18C632Q
Scuola Elementare di CHIETI,MBRLFA17C18C632E
Scuola Elementare di CHIETI,MBRRSL17R12C632J
Scuola Elementare di CHIETI,RSLGLM17A27C632A
Scuola Elementare di CHIETI,RSLLRI17D03C632Z
Scuola Elementare di CHIETI,RSLRLA17H05C632J
Scuola Elementare di CHIETI,RSLLRC18P20C632M
Scuola Elementare di CHIETI,CNZFTM14B27C632Q
Scuola Elementare di CHIETI,CNZMRN16B18C632V
Scuola Elementare di BRINDISI,BNZGRM18B09B180X
Scuola Elementare di BRINDISI,BNZCCT16A31B180E
Scuola Elementare di BRINDISI,BNZLHN17P07B180K
Scuola Elementare di BRINDISI,TBLSST16T10B180W
Scuola Elementare di BRINDISI,TBLFBL14S11B180K
Scuola Elementare di BRINDISI,TBLTTV18R21B180X
Scuola Elementare di BRINDISI,TBLCSG18P11B180J
Scuola Elementare di BRINDISI,ZNGTDD14C16B180L
Scuola Elementare di IGLESIAS,BNZFDR16L23E281X
Scuola Elementare di IGLESIAS,BNZDNI17L21E281T
Scuola Elementare di IGLESIAS,BNZVNA17E27E281Z
Scuola Elementare di IGLESIAS,BNZRRT17L08E281X
Scuola Elementare di IGLESIAS,BNZDLE17A01E281U
Scuola Elementare di FERRARA,BNZGPR15H16D548J
Scuola Elementare di FERRARA,ZLLNLT17D06D548M
Scuola Elementare di FERRARA,CNZRRT18E08D548E
Scuola Elementare di FERRARA,CNZLRZ15M15D548F
Scuola Elementare di FERRARA,CNZGFR14C25D548K
Scuola Elementare di FERRARA,CNZVGL16E12D548S
Scuola Elementare di FERRARA,CNZLVN15H04D548P
Scuola Elementare di FERRARA,MBRMRG16A30D548Z
Scuola Elementare di FERRARA,RSLNBR17H25D548I
Scuola Elementare di FERRARA,RSLCRN15P20D548Z
Scuola Elementare di FERRARA,MBRLVC18P07D548N
Scuola Elementare di FERRARA,MBRCTN16B18D548R
Scuola Elementare di TARANTO,RSLGLM18M14L049V
Scuola Elementare di TARANTO,RSLGLR14B27L049N
Scuola Media di FERRARA,CNZCRI13D09D548Z
Scuola Media di FERRARA,CNZMMM10T25D548V
Scuola Media di FERRARA,CNZWNN13S13D548C
Scuola Media di IGLESIAS,TRAMLA12L16E281J
Scuola Media di IGLESIAS,TRAFST13L07E281F
Scuola Media di IGLESIAS,TRAGLL12L09E281T
Scuola Media di IGLESIAS,TRAGTN12R29E281L
Scuola Media di IGLESIAS,TRAVTT13C31E281K
Scuola Media di IGLESIAS,CNZVNI11H18E281P
Scuola Media di IGLESIAS,CNZDZN13C28E281W
Scuola Media di IGLESIAS,CNZDLA11E13E281F
Scuola Media di VERCELLI,SMRTLD13M25L750Y
Scuola Media di VERCELLI,SMRPLP12T27L750F
Scuola Media di VERCELLI,SMRMRN11L05L750N
Scuola Superiore di CHIETI,CMNLDA09M05C632R
Scuola Superiore di CHIETI,CMNNNZ10M29C632F
Scuola Superiore di CHIETI,CMNFNC09T05C632W
Scuola Superiore di CHIETI,CMNCDD10C20C632E
Scuola Media di TARANTO,CMNGTN11S14L049A
Scuola Media di TARANTO,CMNDLU12S10L049N
Scuola Media di TARANTO,CMNLRA13M16L049A
Scuola Media di BRINDISI,ZLLGZZ11A04B180J
Scuola Media di BRINDISI,ZLLRBN12B10B180E
Scuola Media di BRINDISI,ZLLMNI12T14B180K
Scuola Media di BRINDISI,ZLLLGU13R25B180Q
Scuola Media di BRINDISI,ZLLTNA12S29B180U
Scuola Media di BRINDISI,ZVTNNI11D26B180E
Scuola Media di BRINDISI,ZVTPRN12P01B180F
Scuola Media di BRINDISI,ZVTRGR12C17B180M
Scuola Media di BRINDISI,ZVTPRD11H05B180V
Scuola Media di BRINDISI,ZNGRLA12D04B180W
Scuola Media di BRINDISI,ZNGMIA10T03B180J
Scuola Media di BRINDISI,ZNGGND11T27B180U
Scuola Media di BRINDISI,ZNGVTR13L18B180K
Scuola Media di BRINDISI,TRAGTN12A17B180S
Scuola Media di BRINDISI,DMLNRN12C03B180D
Scuola Media di BRINDISI,DMLDNC11H06B180N
Scuola Media di BRINDISI,DMLYLO12L23B180M
Scuola Superiore di IGLESIAS,CNZMHL09D27E281E
Scuola Superiore di IGLESIAS,CNZDIA09P18E281J
Scuola Superiore di IGLESIAS,CNZDLE09R31E281M
Scuola Superiore di IGLESIAS,CNZFLR09D18E281R
Scuola Elementare di ENNA,MBRGRL18D13C342P
Scuola Elementare di ENNA,MBRLCL16T04C342X
Scuola Elementare di ENNA,MBRMRT17E16C342M
Scuola Elementare di ENNA,MBRCRL18H20C342Q
Scuola Elementare di ENNA,MBRGNN15R06C342I
Scuola Superiore di ENNA,ZNGLCA09M06C342Y
Scuola Superiore di ENNA,ZNGRSM09A27C342K
Scuola Superiore di ENNA,ZNGLRD09E01C342G
Scuola Media di CHIETI,CNZCAI11B25C632P
Scuola Media di CHIETI,CNZCML12T28C632E
Scuola Media di CHIETI,CNZGMN12T21C632R
Scuola Media di CHIETI,CNZLRA11L16C632C
Scuola Elementare di VERCELLI,CNZJCP18M19L750W
Scuola Elementare di VERCELLI,CNZCLL13S15L750R
Scuola Elementare di VERCELLI,CNZRND18B01L750T
Scuola Elementare di VERCELLI,CNZSDR14S26L750U
Scuola Elementare di VERCELLI,CNZGGI14E24L750Y
Scuola Elementare di VERCELLI,PGLSVS17R23L750N
Scuola Elementare di VERCELLI,PGLMRN13T09L750O
Scuola Elementare di VERCELLI,PGLCLS15S07L750B
Scuola Elementare di VERCELLI,NGLGST17P18L750B
Scuola Elementare di VERCELLI,CLSVNT15A16L750O
Scuola Elementare di VERCELLI,CLSMNO15B22L750Q
Scuola Elementare di VERCELLI,NGLRRT16D22L750Y
Scuola Elementare di VERCELLI,NGLCMB15A04L750W
Scuola Elementare di VERCELLI,NGLLRT15S04L750Y
Scuola Elementare di VERCELLI,NGLDAA17S06L750Y
Scuola Elementare di VERCELLI,PGLBRN15S11L750J
Scuola Elementare di VERCELLI,PGLPRN14S13L750D
Scuola Elementare di VERCELLI,PGLLSS17B28L750M
Scuola Elementare di VERCELLI,PGLFBL18C31L750B
Scuola Elementare di VERCELLI,PGLRZR18S02L750Z
Scuola Elementare di VERCELLI,DNDRMI16D09L750I
Scuola Elementare di VERCELLI,DNDRSR17L04L750X
Scuola Elementare di VERCELLI,DNDWLM15E05L750W
Scuola Elementare di VERCELLI,PGLLBA18D04L750E
Università di PAVIA,RCNCLL99S02G388E
Università di PAVIA,RCNRSR99H04G388Q
Università di PAVIA,RCNMND99C17G388C
Università di PAVIA,RCNGLN98B01G388S
Università di PAVIA,RCNDNT94H26G388P
Università di PAVIA,RCNFPP97B25G388G
Università di PAVIA,RCNNNI02D07G388I
Università di PAVIA,RCNLIA02C31G388H
Università di PAVIA,RCNGNI02C28G388D
Università di PAVIA,RCNLRT98A02G388N
Università di PAVIA,RCNGTN03P24G388R
Università di PAVIA,RCNGDN05R16G388W
Università di PAVIA,RCNVGN05D17G388U
Università di PAVIA,RCNNRO02A13G388N
Università di PAVIA,RCNSCN01B16G388U
Università di PAVIA,RCNDTR04D12G388S
Università di PAVIA,RCNSVS06A29G388R
Università di PAVIA,RCNLMP02S21G388B
Università di PAVIA,RCNDLA03R24G388W
Università di PAVIA,GRLRLF96E31G388L
Università di LODI,PTRDNI01M30E648X
Università di LODI,PTRFPP02D14E648L
Università di LODI,PTRSVG06S13E648D
Università di LODI,PTRPRI02T19E648M
Università di LODI,PTRLRT05P25E648E
Università di LODI,PTRLND04H29E648V
Università di LODI,PTRRNN03T25E648Z
Università di LODI,PTRSVT02H18E648D
Università di LODI,PTRLND02D27E648F
Università di LODI,PTRTLL99T05E648H
Università di LODI,PTRCSN02H28E648K
Università di LODI,PTRCTL01M27E648I
Università di LODI,PTRTRS02R20E648B
Università di LODI,PTRFRZ00M17E648R
Università di LODI,PTRMNL05S06E648S
Università di LODI,PTRMRN05B26E648Y
Università di LODI,PTRPLN05T03E648B
Università di IGLESIAS,LVNLCU00R09E281Y
Università di IGLESIAS,LVNCSR02M25E281Z
Università di IGLESIAS,LVNGBB00T26E281X
Università di IGLESIAS,LVNTTI00B26E281R
Università di IGLESIAS,LVNPRZ01P05E281Y
Università di IGLESIAS,LVNGDE05A17E281A
Università di IGLESIAS,LVNGRD03T12E281Z
Università di PESCARA,BRTGTN00S21G482D
Università di PESCARA,ZNBCLD05B03G482I
Università di PESCARA,ZNBGPP04D16G482M
Università di PESCARA,ZNBTST03E14G482H
Università di PESCARA,ZNBNRN05S06G482B
Università di PESCARA,ZNBRNT03H13G482T
Università di PESCARA,BRNNZE99R17G482F
Università di PESCARA,BRNRNN99T08G482W
Università di PESCARA,BRNGNN02M11G482W
Università di PESCARA,BRNFLV00T11G482H
Università di PESCARA,BRNSMN02P23G482Z
Università di PESCARA,PRZPLA01R24G482H
Università di PESCARA,PRZGST00P20G482L
Università di PESCARA,PRZTNZ00R22G482V
Università di PESCARA,PRZVGL99D05G482M
Università di PESCARA,MSTGTV98S19G482A
Università di PESCARA,MSTCST98T22G482F
Università di PESCARA,MSTRHL99L26G482S
Università di PESCARA,MSTLRC02H27G482I
Università di PESCARA,MSTLBR01A24G482Q
Università di BERGAMO,LBRVGN99S22A794Q
Università di BERGAMO,LBRMME00H02A794B
Università di BERGAMO,LBRMCL02R24A794U
Università di BERGAMO,LBRMRS05C19A794P
Università di BERGAMO,LBRFRZ03S30A794C
Università di BERGAMO,LBRRTI03S04A794I
Università di BERGAMO,LBRLEA05B17A794O
Università di BERGAMO,LBRLSS00R13A794C
Università di BERGAMO,LBRCST98T06A794J
Università di BERGAMO,LBRLCA00D30A794Y
Università di BERGAMO,LBRCDD02L16A794F
Università di BERGAMO,LBRNDR99B06A794A
Università di BERGAMO,LBRCLR96C31A794C
Università di BERGAMO,LBRRNL01D11A794C
Università di BERGAMO,LBRMRC01B19A794Q
Università di BERGAMO,TSSMRM05A10A794Q
Università di BERGAMO,TSSCMN05B20A794R
Università di PERUGIA,BNRCRN03A15G478A
Università di PERUGIA,BNRRNI02S21G478U
Università di PERUGIA,BNRMNO02S24G478E
Università di PERUGIA,BNRSCN02T19G478H
Università di PERUGIA,BNRDNA06C31G478W
Università di PERUGIA,BNRGTR98E18G478B
Università di PERUGIA,BNRSMN97D08G478J
Università di PERUGIA,BNRCTN94B28G478H
Università di PERUGIA,BNRMCR97A02G478A
Università di PERUGIA,BNRGDE94S01G478M
Università di PERUGIA,BNRLRD95T02G478Z
Università di PERUGIA,BNRMIA02B22G478Z
Università di PERUGIA,BNRLND99A07G478O
Università di PERUGIA,BNRNDR00L15G478O
Università di PERUGIA,BNRSLL99S18G478B
Scuola Elementare di BERGAMO,LBRTDD18H28A794T
Scuola Elementare di BERGAMO,LBRRBN13T05A794E
Università di MILANO,LBRSVN96C18F205Z
Università di MILANO,LBRRNN98H09F205X
Università di MILANO,LBRLEO94L01F205V
Università di MILANO,LBRFSC94E12F205R
Università di MILANO,PGLCMN97L31F205A
Università di MILANO,PGLGST94L26F205P
Università di MILANO,PGLMSM94S14F205P
Università di MILANO,CLSCLI97S30F205F
Università di MILANO,CLSLND93S27F205K
Università di MILANO,CLSMLT95A05F205W
Università di MILANO,CMSRST97A26F205Q
Università di MILANO,CMSSRN96A09F205K
Università di MILANO,CMSFLC94P11F205O
Università di MILANO,DRNGRT97S01F205K
Università di MILANO,MLCBTL98R11F205R
Università di MILANO,PSSMDE89S26F205G
Università di VIBO VALENTIA,LBRLIA95T28F537M
Università di ALESSANDRIA,CLSGTN94C01A182A
Università di RIETI,DRNVVN96P16H282D
Università di CROTONE,MLRGPR92D23D122I
Università di CROTONE,GBRSRN01M26D122G
Scuola Elementare di ANCONA,CMSDLD16C28A271F
Scuola Elementare di ANCONA,CMSLND17S06A271F
Scuola Elementare di ANCONA,CMSPLG17M28A271I
Scuola Elementare di ANCONA,CMSGNS16D30A271Y
Scuola Elementare di ANCONA,CMSGLM14T13A271L
Scuola Elementare di ANCONA,CMSFMN17T15A271I
Scuola Elementare di ANCONA,CMSSRG17H21A271V
Scuola Elementare di ANCONA,CMSSLN16D15A271Z
Scuola Elementare di ANCONA,CMSLND17A05A271S
Scuola Elementare di ANCONA,CMSDTR17C18A271D
Scuola Elementare di ANCONA,PGLGLI15T18A271E
Scuola Elementare di ANCONA,PGLGNE15M25A271P
Scuola Elementare di ANCONA,PGLLNI16M07A271B
Scuola Elementare di ANCONA,PGLLCA18B04A271G
Scuola Elementare di ANCONA,PGLBRC18R28A271V
Scuola Elementare di MILANO,DRNLNU16A29F205S
Scuola Elementare di MILANO,DRNMLN14R19F205A
Scuola Elementare di MILANO,DRNLNS15A03F205Z
Scuola Elementare di MILANO,DRNGLL14B27F205H
Scuola Elementare di MILANO,CMSSVR16A11F205B
Scuola Elementare di MILANO,CMSLTZ14M24F205F
Scuola Elementare di MILANO,PGLCSS15P07F205P
Scuola Elementare di MILANO,PGLBRC16S12F205T
Scuola Elementare di MILANO,PGLSCR16H17F205N
Scuola Elementare di MILANO,PGLSRA17L17F205N
Scuola Elementare di MILANO,PGLMNC16M27F205J
Scuola Elementare di MILANO,PGLLRG17M03F205P
Scuola Elementare di MILANO,PGLLNI14M17F205L
Scuola Elementare di MILANO,PGLTEA16B03F205Z
Scuola Elementare di MILANO,PGLFRZ16M11F205V
Scuola Elementare di MILANO,PGLZOE15T29F205O
Scuola Elementare di MILANO,PGLDTT17E13F205S
Scuola Elementare di MILANO,PGLGCM16H02F205J
Scuola Elementare di MILANO,PGLMNZ16R26F205U
Scuola Elementare di MILANO,PGLLTZ14P13F205X
Scuola Elementare di MILANO,PGLVSC15C23F205M
Scuola Elementare di MILANO,PGLLDN14E07F205T
Scuola Elementare di MILANO,CMSDNC18D23F205X
Scuola Elementare di MILANO,CMSCSR16S03F205E
Scuola Elementare di MILANO,CLSRRT18L20F205G
Scuola Elementare di MILANO,CLSGNR16P18F205T
Scuola Elementare di MILANO,CLSNNE16M25F205X
Scuola Elementare di MILANO,MLRDLA15E17F205V
Scuola Elementare di MILANO,MLRPQL15B14F205D
Scuola Elementare di MILANO,MLRLRG15A17F205F
Scuola Elementare di MILANO,MLRZNE15H27F205U
Scuola Elementare di MILANO,CLSGTR18M06F205Z
Scuola Elementare di MILANO,CLSVSS18B22F205N
Scuola Elementare di MILANO,CLSBGI18L05F205W
Scuola Elementare di MILANO,CLSRND14B19F205N
Scuola Elementare di MILANO,CLSCSM18H24F205J
Scuola Elementare di MILANO,PGLLLL14E16F205N
Scuola Elementare di MILANO,PGLFBA15C02F205E
Scuola Elementare di MILANO,LBRRRG15R16F205S
Scuola Elementare di MILANO,LBRMDA17B04F205T
Scuola Elementare di MILANO,LBRLRT15E13F205S
Scuola Elementare di MILANO,LBRRMI15T27F205N
Scuola Elementare di MILANO,PGLNLN17B20F205Y
Scuola Elementare di MILANO,PGLSVN18A29F205F
Scuola Elementare di MILANO,PGLMRN14B10F205X
Scuola Elementare di MILANO,PGLNZR16S20F205G
Scuola Elementare di MILANO,PGLPLL17P23F205H
Scuola Elementare di MILANO,PGLPLG15E28F205S
Scuola Elementare di MILANO,PGLLHN15L31F205L
Scuola Elementare di MILANO,DRNDLN18C09F205R
Scuola Elementare di MILANO,DRNGNT17E26F205P
Scuola Elementare di MILANO,DRNLNS18C18F205T
Scuola Elementare di MILANO,CMSFNZ16L03F205P
Scuola Elementare di MILANO,CMSMSM14L15F205G
Scuola Elementare di MILANO,CMSGNN15P29F205S
Scuola Elementare di MILANO,CMSVNT17P01F205S
Scuola Elementare di MILANO,CMSLVR17S16F205V
Scuola Elementare di MILANO,CMSMRN14R21F205V
Scuola Elementare di MILANO,CMSDRO17R04F205X
Scuola Elementare di MILANO,CMSVTI18E21F205K
Scuola Elementare di MILANO,CMSRFL15C12F205F
Scuola Elementare di MILANO,CMSLCN16R05F205E
Scuola Elementare di MILANO,PSSGBB15L14F205E
Scuola Elementare di REGGIO NELL'EMILIA,DRNLND17P21H223H
Scuola Elementare di REGGIO NELL'EMILIA,DRNMDE17P17H223M
Scuola Elementare di REGGIO NELL'EMILIA,DRNMLE14D28H223N
Scuola Elementare di REGGIO NELL'EMILIA,DRNNNA18C06H223W
Scuola Elementare di REGGIO NELL'EMILIA,DRNLND16E04H223T
Scuola Elementare di REGGIO NELL'EMILIA,DRNLRA17A20H223R
Scuola Elementare di REGGIO NELL'EMILIA,DRNCTN14M17H223E
Scuola Media di MILANO,PGLYND12H25F205N
Scuola Media di MILANO,PGLMMI11R21F205H
Scuola Media di MILANO,PGLVTR12A27F205G
Scuola Media di MILANO,PGLRLA13R16F205G
Scuola Media di MILANO,PGLMSM11H20F205P
Scuola Elementare di ALESSANDRIA,CLSDRN14A19A182O
Scuola Elementare di ALESSANDRIA,CLSPRM18R15A182C
Scuola Elementare di ALESSANDRIA,CLSRZO16T10A182N
Scuola Superiore di CROTONE,MLRRTI10R27D122J
Scuola Superiore di CROTONE,MLRTTI09H16D122B
Scuola Superiore di CROTONE,MLRLMP09L20D122E
Scuola Superiore di CROTONE,MLRSRN09T20D122J
Scuola Superiore di CROTONE,FNTLCD09T31D122S
Scuola Superiore di CROTONE,FNTDNT09A05D122M
Scuola Superiore di CROTONE,FNTMRN09C12D122A
Scuola Superiore di CROTONE,FNTNRN09H29D122E
Scuola Superiore di CROTONE,FNTSVT09P02D122L
Scuola Elementare di CROTONE,MLRGLL16C10D122D
Scuola Elementare di CROTONE,MLRBDT15H02D122X
Scuola Elementare di CROTONE,MLRJCP17A11D122H
Scuola Elementare di VIBO VALENTIA,LBRNNI18C10F537D
Scuola Media di ANCONA,PGLVDN11A26A271H
Scuola Media di ANCONA,PGLLDA12E10A271E
Scuola Superiore di ALESSANDRIA,SRNCSS09S24A182X
Scuola Media di REGGIO NELL'EMILIA,DRNSDR12R05H223A
Scuola Elementare di RIETI,CNTSRN18H02H282W
Scuola Elementare di RIETI,CNTLRT17E08H282A
Scuola Elementare di RIETI,CNTLSS14D13H282N
Università di MODENA,CNZYLN89D23F257C
Università di MODENA,CNZLCU93B11F257E
Università di UDINE,FSSDND89C24L483S
Università di UDINE,FSSLNI02S15L483Q
Università di UDINE,FSSFBN05H16L483F
Università di UDINE,FSSLLD02T13L483R
Scuola Media di MODENA,CNZSRA11B19F257S
Scuola Media di MODENA,CNZMBR11C13F257M
Scuola Media di MODENA,CNZFMN12A24F257T
Scuola Media di MODENA,CNZGNS13E10F257B
Scuola Media di MODENA,CNZLRI12T30F257Q
Scuola Media di MODENA,CNZMRO12C05F257X
Scuola Media di MODENA,CNZVTR12C30F257G
Scuola Media di MODENA,CNZSLD11C22F257H
Scuola Media di MODENA,CNZNFR11T15F257P
Scuola Media di MODENA,CNZFCT13R07F257A
Scuola Superiore di BERGAMO,TSSGFR10H16A794S
Scuola Superiore di BERGAMO,TSSSRI09A05A794H
Scuola Superiore di BERGAMO,TSSLRI09D05A794G
Scuola Superiore di BERGAMO,TSSPRN10L12A794V
Scuola Superiore di BERGAMO,TSSFNC10H21A794V
Scuola Superiore di BERGAMO,TSSMLN10C18A794D
Scuola Superiore di BERGAMO,TSSRND10E01A794Y
Scuola Superiore di BERGAMO,TSSDNI09S15A794Q
Scuola Superiore di BERGAMO,TSSPCR09A16A794N
Scuola Superiore di TRIESTE,MBRGNR09D10L424Q
Scuola Superiore di TRIESTE,MBRLVS09T22L424Y
Scuola Superiore di TRIESTE,MBRGRG10L17L424W
Scuola Superiore di TRIESTE,MBRDBR10S04L424V
Scuola Superiore di TRIESTE,MBRFTM10C16L424G
Scuola Superiore di TRIESTE,MBRMRA08S15L424J
Scuola Superiore di TRIESTE,MBRGLL10R31L424M
Scuola Superiore di TRIESTE,LNGGDE07T28L424T
Scuola Superiore di TRIESTE,LNGCMN10H16L424Z
Scuola Superiore di TRIESTE,LNGFNC08S25L424W
Scuola Superiore di TRIESTE,LNGMRZ09H20L424I
Scuola Superiore di TRIESTE,LNGRNI10R23L424V
Scuola Superiore di TRIESTE,LNGLCA09D02L424X
Scuola Superiore di TRIESTE,LNGBDT09P29L424W
Scuola Superiore di MODENA,CNZDRA09H27F257A
Scuola Superiore di MODENA,CNZRRG10P02F257I
Scuola Media di UDINE,FSSNTL13A11L483R
Scuola Media di UDINE,FSSSVN13C08L483Q
Scuola Media di UDINE,FSSDNT11P29L483R
Scuola Media di UDINE,FSSLDL11L18L483C
Scuola Media di UDINE,FSSPMP13A02L483F
Scuola Media di AGRIGENTO,DMRCLD13M19A089F
Scuola Media di AGRIGENTO,DMRTNI12R31A089N
Scuola Media di AGRIGENTO,DMRDRS11D02A089V
Scuola Media di AGRIGENTO,DMRRST11M08A089N
Scuola Media di AGRIGENTO,DMRMND11T01A089D
Scuola Superiore di UDINE,FSSRML10H19L483H
Scuola Superiore di UDINE,FSSLND09E28L483W
Scuola Superiore di UDINE,FSSMTN10A17L483G
Scuola Superiore di UDINE,FSSLDN09D28L483R
Scuola Media di VICENZA,MRMLRT11M08L840I
Scuola Media di VICENZA,MRMSTN12S25L840G
Scuola Media di VICENZA,MRMMRN12H25L840Z
Scuola Media di VICENZA,MRMDNA11H18L840T
Scuola Media di VICENZA,MRMRNN12R29L840P
Scuola Media di VICENZA,MRMCML10T09L840Y
Scuola Media di VICENZA,MRMBBR13A29L840D
Scuola Media di VICENZA,MRMMRT11S21L840M
Scuola Media di VICENZA,MRMPLM13C14L840H
Scuola Media di VICENZA,MRMDNI12C13L840E
Scuola Elementare di AGRIGENTO,DMRLLE15T27A089K
Scuola Elementare di AGRIGENTO,MNDRLF17H25A089D
Scuola Media di VITERBO,PNSLBN12M16M082K
Scuola Media di VITERBO,PNSNRC13M06M082J
Scuola Media di VITERBO,PNSVRN12D05M082O
Scuola Media di VITERBO,PNSPLG13A13M082N
Scuola Media di VITERBO,PNSSIA13B14M082A
Scuola Media di VITERBO,PNSCMN12D26M082J
Scuola Media di VITERBO,PNSWLM12H04M082Q
Scuola Media di VITERBO,PNSLDR12L30M082V
Scuola Media di VITERBO,PNSCRI13L29M082Y
Scuola Media di PERUGIA,RTBPRI11T11G478L
Scuola Media di PERUGIA,RTBCVN12H07G478Z
Scuola Media di PERUGIA,RTBSML11A16G478D
Scuola Media di PERUGIA,RTBDRO13P29G478S
Scuola Media di PERUGIA,RTBNDR13H30G478Z
Scuola Media di BERGAMO,TSSGNE13E10A794T
Scuola Media di BERGAMO,TSSDRT11R05A794B
Scuola Media di BERGAMO,TSSCST12R20A794V
Scuola Media di PORDENONE,CSBRFL12E12G888D
Scuola Media di PORDENONE,CSBDLU11D16G888W
Università di MONZA,GSTLNZ02H29F704V
Università di MONZA,MNDMLN00L26F704Q
Università di MONZA,MNDFNN99P05F704X
Università di MONZA,MNDLFA01H29F704F
Università di MONZA,PSSTTR94P22F704T
Università di MONZA,PSSDIA95D10F704R
Università di MONZA,MNDCST97S05F704Z
Università di MONZA,MNDDRS96M11F704O
Università di MONZA,GSTGNT02A28F704S
Università di MONZA,GSTRMO00S12F704Q
Università di MONZA,GSTRNI00A09F704Q
Università di MONZA,MNDPMP96C26F704K
Università di MONZA,MNNTTV94A30F704K
Università di MONZA,GSTPNI01R08F704U
Università di MONZA,GSTFDN03H03F704B
Università di MONZA,GSTGLR05M31F704C
Università di MONZA,GSTTMS04M31F704D
Università di MONZA,GSTLDN02A20F704M
Università di CARRARA,DSESRN02E31B832M
Università di CARRARA,DSEVNT99P11B832A
Università di CARRARA,MNNLDR95D28B832M
Università di CARRARA,MNNPLT97R04B832G
Università di CARRARA,DSEPIA96C07B832P
Università di CARRARA,DSEFLC95R11B832E
Università di CARRARA,DSESVN97L20B832I
Università di BENEVENTO,PSSTTI98B09A783A
Università di BENEVENTO,PSSMNO98E14A783D
Università di BENEVENTO,PSSGST96E24A783T
Università di CAMPOBASSO,MNNRNO99A07B519E
Università di CAMPOBASSO,MNNRZO94B20B519N
Università di CAMPOBASSO,MNNCMN93T27B519V
Università di CAMPOBASSO,MNNMNI96D10B519H
Scuola Media di CARRARA,MNNLGO11E28B832U
Scuola Media di CARRARA,MNNSRI11D13B832Z
Scuola Media di CREMONA,BSCDVG13E02D150Q
Scuola Media di CREMONA,BSCRLN12H06D150W
Scuola Media di CREMONA,BSCNZE13A17D150Q
Scuola Media di CREMONA,BSCPQL13P29D150P
Scuola Elementare di BENEVENTO,PSSSND17B01A783J
Scuola Elementare di BENEVENTO,PSSNRO16H17A783L
Scuola Elementare di BENEVENTO,PSSDIA17L21A783W
Scuola Elementare di CARRARA,MNNSNO18E16B832I
Scuola Elementare di CARRARA,MNNNFR16E19B832D
Scuola Elementare di CARRARA,MNNLVI16S12B832C
Scuola Elementare di CARRARA,MNNCST17C10B832W
Scuola Elementare di CARRARA,DSELRT15S05B832A
Scuola Elementare di CARRARA,DSERNL18E21B832Z
Scuola Elementare di CARRARA,DSEFLV18M30B832S
Scuola Elementare di PIACENZA,CSCLGU14E06G535H
Scuola Elementare di PIACENZA,CSCDVD18H15G535O
Scuola Elementare di PIACENZA,RSLRCL14B26G535P
Scuola Elementare di PIACENZA,MLNGZZ16B17G535G
Scuola Elementare di PIACENZA,MLNDVD14H30G535V
Scuola Elementare di PIACENZA,MLNGLN14M31G535C
Scuola Elementare di PIACENZA,MLNSDR15H10G535U
Scuola Elementare di PIACENZA,RSLLSS18D06G535G
Scuola Elementare di PIACENZA,RSLGTV17H16G535Q
Scuola Elementare di PIACENZA,RSLRNI15S18G535R
Scuola Elementare di PIACENZA,RSLGRZ16S29G535P
Scuola Elementare di PIACENZA,RSLLCU15B16G535S
Scuola Elementare di PIACENZA,RSLFNZ18E07G535T
Scuola Elementare di PIACENZA,RSLVTR17P02G535C
Scuola Elementare di PIACENZA,RSLMMM14P11G535L
Scuola Elementare di PIACENZA,MLNBRM18H14G535K
Scuola Elementare di PIACENZA,MLNSNO14B07G535B
Scuola Elementare di PIACENZA,MLNFLR16H06G535S
Scuola Elementare di PIACENZA,MLNCRI14D01G535J
Scuola Elementare di PIACENZA,MLNDBR16H14G535H
Scuola Elementare di PIACENZA,MLNMDA16H16G535M
Scuola Elementare di PIACENZA,MLNFLC17H02G535U
Scuola Elementare di PIACENZA,MLNTST15E24G535D
Scuola Elementare di PIACENZA,RSLWND18A17G535H
Scuola Elementare di PIACENZA,RSLFBN15L27G535H
Scuola Elementare di PIACENZA,RSLLEO15R12G535O
Scuola Elementare di PIACENZA,RSLMRT15S21G535T
Scuola Elementare di PIACENZA,RSLMRC15H25G535U
Scuola Elementare di PIACENZA,RSLDRD18B07G535A
Scuola Elementare di PIACENZA,RSLLRT16H06G535L
Scuola Elementare di PIACENZA,RSLRND16D16G535E
Scuola Elementare di PIACENZA,RSLBNL14A02G535D
Scuola Elementare di PIACENZA,MLNDTT15C29G535X
Scuola Elementare di PIACENZA,RSLRRA18L08G535R
Scuola Elementare di PIACENZA,RSLGDN16C03G535F
Scuola Elementare di PIACENZA,RSLMSM14L07G535W
Scuola Elementare di PIACENZA,RSLMCL18R06G535U
Scuola Elementare di PIACENZA,RSLCMN15D13G535O
Scuola Elementare di PIACENZA,RSLDNI15D25G535T
Scuola Elementare di PIACENZA,RSLSRN18R23G535Z
Scuola Elementare di PIACENZA,MLNRNO18D18G535O
Scuola Elementare di PIACENZA,MLNFPP18A09G535H
Scuola Elementare di PIACENZA,MLNSLV15C09G535C
Scuola Elementare di PIACENZA,MLNTNI18M25G535Q
Scuola Elementare di PIACENZA,RSLSDR17H12G535H
Scuola Elementare di PIACENZA,RSLWND18E19G535T
Scuola Elementare di PIACENZA,RSLRST17B02G535V
Scuola Elementare di PIACENZA,RSLGDI15M30G535J
Scuola Elementare di PIACENZA,GGLRMI15R06G535B
Scuola Elementare di PIACENZA,GGLTNI16H28G535V
Scuola Elementare di PIACENZA,GGLGGR18D03G535Q
Scuola Elementare di PIACENZA,GGLLIO16S19G535O
Scuola Elementare di PIACENZA,GGLCCT16M24G535R
Scuola Elementare di PIACENZA,GGLCTN16D15G535M
Scuola Elementare di PIACENZA,GGLRCC14M24G535N
Scuola Elementare di PIACENZA,GGLLRT16P26G535U
Scuola Elementare di CREMONA,BSCGVR15D14D150J
Scuola Elementare di MONZA,PSSFTN14H24F704Y
Scuola Elementare di MONZA,PSSRNN18H08F704C
Scuola Elementare di MONZA,MNDMRL17A07F704V
Scuola Elementare di MONZA,MNDCSS15H11F704U
Scuola Elementare di MONZA,MNDGBB18H12F704D
Scuola Elementare di MONZA,MNDTRS18E17F704T
Scuola Elementare di MONZA,MNDRSN18P03F704Z
Scuola Elementare di MONZA,PSSBLD14R17F704Y
Scuola Elementare di MONZA,PSSWTR14E14F704K
Scuola Elementare di CAMPOBASSO,MNNJCP18C31B519C
Scuola Elementare di CAMPOBASSO,MNNLGO15E26B519C
Scuola Elementare di CAMPOBASSO,MNNSVN16S23B519Z
Scuola Elementare di ROVIGO,MLEMRN18E28H620E
Scuola Elementare di ROVIGO,MLETTR17D06H620M
Scuola Media di PIACENZA,CSCNTS12P11G535K
Scuola Media di PIACENZA,CSCQMD12C26G535U
Scuola Media di PIACENZA,RSLPML11B26G535X
Scuola Media di PIACENZA,RSLCST13D23G535N
Scuola Media di PIACENZA,RSLGTT11D28G535D
Scuola Media di PIACENZA,RSLMCR10T05G535W
Scuola Media di PIACENZA,RSLTMR11S27G535V
Scuola Media di PIACENZA,RSLLCN11E17G535S
Scuola Media di PIACENZA,RSLLLL12H06G535V
Scuola Media di PIACENZA,RSLSVN11E30G535Q
Università di CALTANISSETTA,BNZCAI95A14B429N
Università di CALTANISSETTA,BNZMCL96B01B429U
Università di CALTANISSETTA,MRNNDA91D07B429Y
Università di CUNEO,CRMMMM95P11D205D
Università di CUNEO,CRMGLL94R07D205C
Università di CUNEO,CRMPSC95S30D205C
Università di COMO,PRLLFA93D18C933C
Università di RAVENNA,RZTNLN95P14H199X
Università di RAVENNA,RZTMCL98E27H199N
Università di PARMA,MTTNTA90D10G337L
Università di PARMA,MTTTDD89E21G337W
Università di PARMA,ZNBMCL98A25G337M
Università di PARMA,ZNBSVS94C14G337Z
Università di PARMA,LCULGR96B26G337M
Università di PARMA,LCUCRN95H05G337E
Università di PARMA,MSTFST01B23G337A
Università di PARMA,MSTBDT02H03G337H
Università di PARMA,MSTLCI01C21G337M
Università di PARMA,MSTMRO02H25G337W
Università di PARMA,MSTMME99S08G337W
Università di NAPOLI,MRNCTN92M05F839E
Università di PISTOIA,DDNFNZ92P13G713P
Università di COSENZA,CMBGMN93C21D086I
Università di COSENZA,CSMMDA96T23D086H
Università di COSENZA,LCUCHR90S17D086G
Scuola Elementare di COMO,PRLVNT14B04C933A
Scuola Elementare di COMO,PRLMTT16E28C933I
Scuola Elementare di COMO,PRLPRL15R27C933T
Scuola Elementare di COMO,PRLMDA15R06C933A
Scuola Elementare di COMO,PRLRST16P19C933G
Scuola Elementare di COMO,PRLMRA15C24C933U
Scuola Elementare di COMO,PRLCTN16C17C933L
Scuola Elementare di COMO,PRLBNL15T30C933I
Scuola Elementare di RAVENNA,RZTRMN15D28H199J
Scuola Elementare di RAVENNA,RZTSLV15P09H199A
Scuola Elementare di RAVENNA,RZTTNA14H13H199W
Scuola Elementare di RAVENNA,RZTFST15S15H199V
Scuola Elementare di RAVENNA,RZTVTT14P16H199F
Scuola Elementare di RAVENNA,RZTNCN17R27H199T
Scuola Elementare di RAVENNA,RZTMNL18B17H199X
Scuola Elementare di RAVENNA,RZTLND17S06H199W
Scuola Elementare di RAVENNA,RZTDFN16P24H199D
Scuola Elementare di RAVENNA,RZTTNO14S26H199O
Scuola Elementare di RAVENNA,RZTGPP18H20H199G
Scuola Elementare di RAVENNA,RZTDNC16S24H199I
Scuola Elementare di RAVENNA,RZTFRC15B19H199W
Scuola Elementare di RAVENNA,RZTPMP17H21H199C
Scuola Elementare di RAVENNA,RZTMMM17R12H199R
Scuola Elementare di RAVENNA,RZTMLL14D30H199W
Scuola Elementare di RAVENNA,RZTLRT18C01H199F
Scuola Elementare di RAVENNA,RZTVRN17E24H199X
Scuola Elementare di RAVENNA,RZTBRN18L29H199L
Scuola Elementare di RAVENNA,RZTMRC16H03H199G
Scuola Elementare di RAVENNA,RZTLIA16H27H199A
Scuola Elementare di RAVENNA,RZTCMN15P10H199X
Scuola Elementare di RAVENNA,RZTGMN16R27H199Y
Scuola Elementare di RAVENNA,RZTSVS14T25H199H
Scuola Elementare di RAVENNA,RZTZEI17L08H199A
Scuola Elementare di RAVENNA,RZTGNZ14R07H199I
Scuola Elementare di RAVENNA,RZTDNI14P21H199U
Scuola Elementare di RAVENNA,RZTMRM14T03H199L
Scuola Elementare di NAPOLI,MRNFRC14S10F839G
Scuola Elementare di NAPOLI,MRNLVS17D29F839X
Scuola Elementare di NAPOLI,MRNLRT14S11F839C
Scuola Elementare di NAPOLI,MRNSFN18R01F839H
Scuola Elementare di NAPOLI,MRNNRO16M11F839H
Scuola Elementare di NAPOLI,MRNYLO15C30F839D
Scuola Elementare di NAPOLI,MRNRMN17C07F839Y
Scuola Elementare di NAPOLI,MRNPCC15P08F839W
Scuola Elementare di NAPOLI,MRNVTR14E28F839H
Scuola Elementare di NAPOLI,MRNVLI15D08F839L
Scuola Elementare di NAPOLI,MRNLFA15A12F839J
Scuola Elementare di NAPOLI,MRNGIO13T22F839K
Scuola Elementare di NAPOLI,MRNLDA18P25F839R
Scuola Elementare di NAPOLI,MRNGBB15E24F839F
Scuola Elementare di NAPOLI,MRNSRG15S10F839Y
Scuola Elementare di NAPOLI,MRNDMN18A24F839B
Scuola Elementare di NAPOLI,MRNGLR17E04F839Z
Scuola Elementare di NAPOLI,MRNLVO15D13F839C
Scuola Elementare di NAPOLI,MRNSDR18H23F839X
Scuola Media di NAPOLI,MRNVGN11D01F839E
Scuola Media di NAPOLI,MRNRND12R20F839A
Scuola Media di NAPOLI,MRNRSR12H10F839O
Scuola Media di NAPOLI,MRNTDD12A22F839M
Scuola Media di NAPOLI,MRNSAI12M07F839L
Scuola Media di NAPOLI,MRNMRN10T20F839X
Scuola Media di NAPOLI,MRNLMP11T21F839I
Scuola Media di NAPOLI,MRNFPP12A11F839A
Scuola Media di NAPOLI,MRNNRN12D24F839B
Scuola Media di NAPOLI,MRNMLT13R05F839G
Scuola Media di NAPOLI,MRNCNZ13C22F839J
Scuola Media di NAPOLI,MRNRML13A25F839M
Scuola Media di NAPOLI,MRNVNI13B02F839E
Scuola Media di NAPOLI,MRNCGR12B21F839L
Scuola Media di NAPOLI,MRNBBR12S20F839I
Scuola Media di COMO,PRLGST11E31C933D
Scuola Media di COMO,PRLCRL13M26C933M
Scuola Media di COMO,PRLBNT12S17C933Z
Scuola Media di COMO,PRLRLF12R06C933E
Scuola Media di COMO,PRLYNN12B24C933X
Scuola Media di COMO,PRLGTN13R28C933S
Scuola Media di COMO,PRLLRT12M14C933V
Scuola Media di COMO,PRLGRG13B14C933M
Scuola Media di COMO,PRLLCA13H13C933X
Scuola Media di COMO,PRLTTO12T12C933W
Scuola Media di COMO,PRLNSC12B08C933B
Scuola Media di COMO,PRLMND12S01C933C
Scuola Media di COMO,PRLBND13H03C933E
Scuola Elementare di PARMA,MTTRSL16P18G337X
Scuola Elementare di PARMA,ZNBGLI15H24G337Q
Scuola Elementare di PARMA,BRNFNC17D24G337S
Scuola Elementare di PARMA,BRNMLE15T09G337A
Scuola Elementare di PARMA,BRNLVS15D17G337J
Scuola Elementare di PARMA,BRNSDR15M11G337G
Scuola Elementare di PARMA,BRNLMP17T15G337T
Scuola Elementare di CALTANISSETTA,BNZTST17T15B429Y
Scuola Elementare di CALTANISSETTA,BNZRNT14D28B429B
Scuola Elementare di CALTANISSETTA,BNZPLP14A18B429Y
Scuola Elementare di CALTANISSETTA,BNZLGR14S24B429J
Scuola Elementare di CALTANISSETTA,BNZMRC16H20B429N
Scuola Elementare di CALTANISSETTA,BNZMRZ18M07B429B
Scuola Elementare di CALTANISSETTA,BNZDRD14L04B429W
Scuola Elementare di CALTANISSETTA,BNZDLR17A02B429C
Scuola Elementare di CALTANISSETTA,BNZLLD15M23B429P
Scuola Elementare di CALTANISSETTA,BNZGNI18H01B429Y
Scuola Elementare di CALTANISSETTA,BNZMMI14A13B429Q
Scuola Elementare di CALTANISSETTA,BNZRND16P08B429H
Scuola Elementare di CALTANISSETTA,BNZCLL17R08B429Q
Scuola Elementare di CALTANISSETTA,BNZMTT14R30B429A
Scuola Elementare di CALTANISSETTA,BNZLVO14R25B429B
Scuola Elementare di CALTANISSETTA,BNZCLL18P01B429T
Scuola Elementare di CALTANISSETTA,BNZGTN16D29B429I
Scuola Elementare di CALTANISSETTA,BNZPRN14B03B429M
Scuola Elementare di CALTANISSETTA,BNZDRN13S14B429O
Scuola Superiore di PARMA,MTTRNN09L16G337I
Scuola Superiore di PARMA,MTTGVR10C17G337K
Scuola Superiore di PARMA,MTTDLB09T22G337T
Scuola Media di PARMA,MTTMRN11A07G337G
Scuola Media di PARMA,MTTFNC11S23G337D
Scuola Media di PARMA,MTTVNI10T17G337J
Scuola Media di PARMA,MTTRNN13L08G337E
Scuola Media di PARMA,MTTNRN13B28G337M
Scuola Elementare di RIMINI,LVSLRI16S28H294D
Scuola Elementare di RIMINI,LVSNZE18C28H294L
Scuola Elementare di RIMINI,LVSSMN18P01H294X
Scuola Elementare di RIMINI,LVSGRT14M22H294Z
Scuola Elementare di RIMINI,LVSVNT15T11H294R
Scuola Elementare di RIMINI,LVSVTR14H04H294T
Scuola Elementare di RIMINI,LVSLNU17E30H294I
Scuola Elementare di RIMINI,LVSRLA14D24H294G
Scuola Elementare di RIMINI,LVSZOE18B09H294G
Scuola Elementare di RIMINI,LVSLRC15D29H294T
Scuola Elementare di RIMINI,LVSCLL17T04H294K
Scuola Elementare di RIMINI,LVSGMN17B10H294J
Scuola Elementare di CUNEO,CRMSIA14L17D205U
Scuola Elementare di CUNEO,CRMSTN18H08D205U
Scuola Elementare di CUNEO,CRMDND14S16D205P
Scuola Elementare di CUNEO,CRMGNT14T13D205C
Scuola Elementare di CUNEO,CRMNZE16T11D205S
Scuola Elementare di CUNEO,CRMQRN16B02D205F
Scuola Elementare di CUNEO,CRMSDR14C25D205X
Scuola Elementare di CUNEO,CRMSTN17S29D205S
Scuola Elementare di CUNEO,CRMMRC15M31D205F
Scuola Elementare di CUNEO,CRMLRC16M20D205F
Scuola Elementare di CUNEO,CRMZNE16S25D205N
Scuola Elementare di CUNEO,CRMDNI15T12D205N
Scuola Elementare di CUNEO,CRMLSN18A10D205E
Scuola Media di COSENZA,CMBFNC12T17D086B
Scuola Media di COSENZA,CMBLNE11P12D086L
Scuola Media di COSENZA,CMBNZE13L03D086U
Scuola Media di COSENZA,BCGLCI12T06D086V
Scuola Media di COSENZA,BCGLNI13C05D086A
Scuola Media di COSENZA,BCGTTV12L20D086D
Scuola Media di COSENZA,BCGNNZ13E21D086M
Università di CARBONIA,PLLLRG01D09B745E
Università di CARBONIA,PLLFRZ01L23B745C
Università di CARBONIA,PLLGNI02A22B745U
Università di CARBONIA,LFNLND01P30B745D
Università di CARBONIA,GRGGLL06R17B745G
Università di CARBONIA,GRGGBB04A10B745T
Università di CARBONIA,GRGTSC04L13B745C
Università di CARBONIA,RGNGLR05E21B745J
Università di CARBONIA,RGNRSL04B16B745A
Università di CARBONIA,RGNDNT04D24B745E
Università di CARBONIA,GNMPMP02B27B745V
Università di CARBONIA,GNMLNE99E10B745B
Università di CARBONIA,GNMLIA99C22B745X
Università di CARBONIA,GNMCTL00L23B745S
Università di CARBONIA,GNMSRA00E23B745W
Università di CARBONIA,GNMDLA00A03B745T
Università di CARBONIA,SCSCVN01A28B745G
Università di CARBONIA,SCSMRN01M30B745O
Università di CARBONIA,SCSVGL99C10B745P
Università di VITERBO,LFNPRI97M16M082S
Università di VITERBO,LFNFNC96C18M082E
Università di VITERBO,LFNSLV95H07M082C
Università di VITERBO,LAOFST94S25M082Z
Università di VITERBO,SCSGAI99C22M082F
Università di VITERBO,SCSFPP01M04M082A
Università di VITERBO,LFNLCL94H19M082Q
Università di VITERBO,LFNNTA95C01M082J
Università di PRATO,GNMDMA96S18G999B
Università di PRATO,GNMRCR96E30G999A
Università di PRATO,LFNVCN97L05G999O
Università di PRATO,PLLFCT97H02G999Y
Università di PRATO,TRNMTN95C24G999H
Università di PRATO,TRNDLN94R10G999H
Università di PRATO,TRNMTN95C15G999K
Università di PRATO,MSTRSL01E29G999Z
Università di PRATO,MSTCLL00C27G999T
Università di PRATO,MSTNNZ01S06G999M
Università di PRATO,MSTLCA99S20G999M
Università di PRATO,MSTYLO99C19G999Y
Università di PRATO,MSTPML99M30G999V
Università di PRATO,MSTGLR05E24G999E
Università di PRATO,MSTFNZ03B27G999Y
Università di PRATO,MSTFDR04H29G999Z
Università di PRATO,MSTFLR05S06G999K
Università di ASCOLI PICENO,GNMCLR95A15A462A
Università di ASCOLI PICENO,LAOCSR94P20A462T
Università di ASCOLI PICENO,LAORNI96D01A462K
Università di ASCOLI PICENO,LAOFMN97H07A462D
Università di ASCOLI PICENO,PLLLCU96S15A462X
Università di ASCOLI PICENO,GNMMRT98H12A462B
Università di ASCOLI PICENO,GRGMTT96L18A462H
Università di ASCOLI PICENO,GRGFST96H18A462L
Università di NOVARA,GLLGLL02D19F952P
Università di NOVARA,GLLLRI98S19F952A
Università di NOVARA,GLLDMA01P23F952X
Università di NOVARA,GLLGLL99M26F952W
Università di NOVARA,PLLMRZ94T28F952D
Università di NOVARA,GNMLRZ94E08F952X
Università di NOVARA,LFNTMS94E24F952J
Università di NOVARA,FNTSMN92C24F952I
Scuola Elementare di NOVARA,PLLTCR15S20F952L
Scuola Elementare di NOVARA,LAODCC15D23F952E
Scuola Elementare di NOVARA,LAOSLL15A14F952W
Scuola Elementare di NOVARA,GRGSTN17R20F952Q
Scuola Elementare di ASCOLI PICENO,LAOSFN18R23A462A
Scuola Elementare di ASCOLI PICENO,LFNMNC17A25A462C
Scuola Elementare di ASCOLI PICENO,LFNLNE15T11A462A
Scuola Elementare di ASCOLI PICENO,GRGDBR14M03A462M
Scuola Elementare di ASCOLI PICENO,LAORST14C24A462Z
Scuola Elementare di ASCOLI PICENO,PLLSDR17C20A462R
Scuola Elementare di ASCOLI PICENO,PLLFTN18L26A462V
Scuola Elementare di ASCOLI PICENO,LFNLND15L15A462C
Scuola Elementare di VITERBO,GNMMND18P26M082F
Scuola Elementare di VITERBO,GNMPNI14C27M082N
Scuola Elementare di VITERBO,LAODNT15E30M082X
Scuola Elementare di VITERBO,LAOGBB18H02M082A
Scuola Elementare di VITERBO,GRGSRN15E23M082F
Scuola Elementare di VITERBO,GRGRNT15T08M082L
Scuola Elementare di VITERBO,LFNCRI15M10M082U
Scuola Elementare di VITERBO,LFNMNZ17B02M082U
Scuola Elementare di PRATO,PLLDCC17D11G999W
Scuola Elementare di PRATO,PLLLCD16H07G999E
Scuola Elementare di PRATO,GRGGLE18R28G999Z
Scuola Elementare di PRATO,GRGMRO17T13G999L
Scuola Elementare di PRATO,LFNLCA14T06G999F
Scuola Elementare di PRATO,TRNGNR17P08G999Y
Scuola Elementare di PRATO,TRNFLC18D23G999N
Scuola Elementare di PRATO,TRNDNL18E02G999I
Scuola Elementare di PRATO,TRNDLM18P09G999D
Scuola Elementare di PRATO,TRNDBR16T06G999H
Università di ISERNIA,CSMCST95H16E335E
Università di ISERNIA,CSMPQL95E23E335O
Università di ISERNIA,CSMPMP96D28E335P
Università di ISERNIA,CSMVGL98L10E335U
Università di ISERNIA,CSMPML95E03E335Y
Università di ISERNIA,CSMFTN96R08E335Y
Università di ISERNIA,ZNBRCL89M15E335A
Università di ISERNIA,BRNGLR93P14E335Y
Università di CATANZARO,GBRNLN99S27C352E
Università di CATANZARO,GBRGRL02H28C352F
Università di TERAMO,LCUGAI91B02L103E
Università di PORDENONE,FNTDNT90C22G888L
Università di AVELLINO,GLNRND02E05A509P
Università di AVELLINO,GLNSRA01M14A509G
Università di AVELLINO,GLNNEE99H27A509Q
Università di AVELLINO,GLNRSL01D14A509J
Università di AVELLINO,GLNCHR01S06A509P
Università di AVELLINO,GLNMTN01B27A509K
Università di AVELLINO,GLNFBN01D12A509J
Scuola Elementare di SALERNO,LVRLNE17L30H703K
Scuola Elementare di SALERNO,LVRBTL13S14H703L
Scuola Elementare di SALERNO,LVRWNN16M26H703E
Scuola Elementare di SALERNO,LVRRMN16S22H703H
Scuola Elementare di SALERNO,LVRBGI16L29H703R
Scuola Elementare di SALERNO,LVRMSM15D19H703E
Scuola Elementare di SALERNO,LVRZRA18P03H703L
Scuola Elementare di SALERNO,LVRFRZ14P19H703B
Scuola Elementare di SALERNO,LVRRND17H09H703T
Scuola Elementare di SALERNO,LVRVNN15L24H703I
Scuola Elementare di SALERNO,LVRFLV14S28H703B
Scuola Elementare di SALERNO,LVRNNA17R05H703V
Scuola Elementare di SALERNO,LVRMGN17L02H703Q
Scuola Elementare di CATANZARO,BRNNNZ14T31C352F
Scuola Elementare di CATANZARO,BRNMIA15T25C352R
Scuola Elementare di CATANZARO,BRNSMN15A02C352M
Scuola Elementare di CATANZARO,BRNNRC14C05C352X
Scuola Elementare di COSENZA,FNTNNA14B24D086L
Scuola Elementare di COSENZA,FNTCNZ16S14D086M
Scuola Elementare di COSENZA,FNTBDT18B15D086M
Scuola Elementare di COSENZA,FNTRFL14C30D086R
Scuola Elementare di COSENZA,CSMNCL15E02D086M
Scuola Elementare di COSENZA,CSMVGL17A31D086W
Scuola Elementare di COSENZA,CSMGLI17B11D086Q
Scuola Elementare di COSENZA,CSMNTL17L05D086A
Scuola Elementare di COSENZA,CSMWND15L01D086S
Scuola Elementare di COSENZA,CSMRMN18E26D086U
Scuola Media di ISERNIA,LCULGO13H24E335Q
Scuola Media di ISERNIA,ZNBLRZ12H14E335G
Scuola Media di ISERNIA,ZNBLBN12T09E335U
Scuola Media di ISERNIA,ZNBVTR12T28E335W
Scuola Media di ISERNIA,LCUCST11L22E335Q
Scuola Media di ISERNIA,LCUMLA10T04E335K
Scuola Media di ISERNIA,LCUGUO11H29E335W
Scuola Media di ISERNIA,LCUFLV13B28E335Z
Scuola Media di ISERNIA,LCURZR12E14E335X
Scuola Media di ISERNIA,BRNRGR13A21E335P
Scuola Media di ISERNIA,LCUMRC12T29E335G
Scuola Media di ISERNIA,LCUSLL11A14E335Q
Scuola Media di ISERNIA,LCUMRT12B15E335A
Scuola Media di ISERNIA,BRNMRG13L01E335T
Scuola Media di ISERNIA,BRNMRA12H13E335H
Scuola Media di ISERNIA,BRNMBR12P07E335L
Scuola Elementare di ISERNIA,CSMSNN18R04E335O
Scuola Elementare di ISERNIA,CSMLPA17L28E335K
Scuola Elementare di ISERNIA,CSMDRN16B20E335X
Scuola Elementare di ISERNIA,CSMGNS18M16E335Y
Scuola Elementare di ISERNIA,CSMGTV17A17E335F
Scuola Elementare di ISERNIA,CSMSLV14P14E335Y
Scuola Elementare di ISERNIA,CSMNNZ17T15E335F
Scuola Superiore di CATANZARO,LCUSNO08S14C352U
Scuola Superiore di CATANZARO,LCURLL08T29C352P
Scuola Superiore di CATANZARO,LCUGAI10R04C352V
Scuola Media di CATANZARO,BRNRTI13H04C352U
Scuola Media di CATANZARO,BRNNLM12R02C352W
Scuola Media di CATANZARO,BRNRBN13H01C352C
Scuola Media di CATANZARO,BRNLRC13S02C352T
Scuola Media di CATANZARO,BRNDLL12B02C352D
Scuola Media di CATANZARO,BRNTDD11H18C352T
Scuola Media di CATANZARO,BRNPNI13M26C352H
Scuola Media di CATANZARO,BRNFBA13E12C352B
Scuola Superiore di PRATO,LCUMRA09B12G999L
Scuola Superiore di ISERNIA,LCUMRC09M10E335X
Scuola Superiore di ISERNIA,LCUMRO09H07E335X
Scuola Superiore di ISERNIA,LCUMDL10D30E335M
Scuola Superiore di ISERNIA,LCULRC10P24E335G
Scuola Media di TERAMO,LCUDLE10T20L103Q
Scuola Media di TERAMO,LCUDZN11D25L103Y
Scuola Media di TERAMO,LCUTBO11D03L103K
Scuola Media di TERAMO,LCUVNT12E30L103L
Scuola Media di TERAMO,LCUPLA11T01L103W
Scuola Media di TERAMO,LCUDNC11S17L103S
Scuola Media di TERAMO,LCUBGI11D28L103P
Scuola Media di TERAMO,LCUCLD13L09L103Z
Scuola Media di TERAMO,LCUMLE12E25L103I
Scuola Media di TERAMO,BNGRGR13P27L103Q
Scuola Media di TERAMO,BNGDLA13M05L103J
Scuola Media di PRATO,LCURSL12T03G999M
Scuola Media di PRATO,LCUFNC13H22G999D
Scuola Media di PRATO,LCUMCL13H29G999U
Scuola Media di PRATO,LCUSRI12S24G999I
Università di SASSARI,SLLMRN89A21I452O
Scuola Elementare di SASSARI,SLLLRT18C23I452K
Scuola Elementare di SASSARI,SLLPRI15M06I452T
Scuola Elementare di SASSARI,SLLSDR14E21I452H
Scuola Elementare di SASSARI,SLLCDD15E24I452N
Scuola Elementare di SASSARI,SLLRNR17T31I452C
Scuola Elementare di SASSARI,SLLGNS14H22I452W
Università di TRENTO,BNGLVI04T02L378V
Università di TRENTO,BNGRLN04C01L378M
Università di LATINA,SGLRNI05P15E472L
Scuola Superiore di TRENTO,BNGCLL07E07L378T
Scuola Superiore di TRENTO,BNGMBR08A16L378X
Scuola Superiore di TRENTO,BNGGST07M25L378U
Scuola Superiore di TRENTO,BNGRSL08R11L378A
Scuola Superiore di TRENTO,BNGCSG07D15L378R
Scuola Superiore di TRENTO,BNGGDN07T15L378E
Scuola Superiore di TRENTO,BNGGNS08H12L378S
Scuola Superiore di TRENTO,BNGFLV07L20L378N
Scuola Superiore di LIVORNO,CFTTTO08A29E625I
Scuola Superiore di LIVORNO,CFTMGH08A03E625F
Scuola Superiore di LIVORNO,CFTPNI08C28E625G
Scuola Superiore di LIVORNO,CFTPMR06S28E625S
Scuola Superiore di LIVORNO,CFTLRD07P02E625S
Scuola Superiore di LIVORNO,CFTCST08A12E625D
Scuola Superiore di LIVORNO,CFTRNN08S01E625Z
Scuola Superiore di LIVORNO,CFTTTO07S05E625I
Scuola Superiore di LIVORNO,CFTTVN07C06E625Y
Scuola Superiore di LIVORNO,CFTBRN10C05E625U
Scuola Media di SASSARI,SLLLRC12S29I452I
Scuola Media di SASSARI,SLLDNI13A14I452V
Scuola Media di SASSARI,SLLLRC11H06I452E
Scuola Media di SASSARI,SLLSRN13B15I452G
Scuola Media di SASSARI,SLLGNT13A06I452O
Scuola Media di SASSARI,SLLLBR11D25I452B
Scuola Media di SASSARI,SLLGST11C18I452N
Scuola Media di SASSARI,SLLGTN10S17I452N
Scuola Media di SASSARI,SLLGLI12B16I452M
Scuola Media di SASSARI,SLLMDE11T04I452X
Scuola Media di SASSARI,SLLDMN12R20I452X
Scuola Media di SASSARI,SLLNTL13H07I452Z
Scuola Media di SASSARI,SLLGST11M24I452R
Scuola Media di SASSARI,SLLGLI11C26I452R
Scuola Media di SASSARI,SLLTLD12P30I452L
Scuola Media di SASSARI,SLLNRN11A21I452O
Scuola Media di SASSARI,SLLPCC11M02I452W
Scuola Media di SASSARI,SLLLVC13H18I452N
Scuola Media di SASSARI,SLLMHL11T16I452V
Scuola Media di SASSARI,SLLCST13L29I452N
Scuola Media di SASSARI,SLLWTR13P04I452S
Scuola Media di SASSARI,SLLRNL11R05I452U
Scuola Media di SASSARI,SLLSND12E27I452V
Scuola Media di SASSARI,SLLMDA11D24I452O
Scuola Media di TRAPANI,MRCSFN11M04L331D
Scuola Media di TRAPANI,MRCMLE11P05L331U
Scuola Media di TRAPANI,MRCMTT12C04L331S
Scuola Media di TRAPANI,MRCMLN13D13L331E
Scuola Media di TRAPANI,MRCPRZ12H08L331R
Scuola Media di TRAPANI,MRCVLI11H18L331C
Scuola Media di TRAPANI,MRCRSR11A02L331K
Scuola Media di TRAPANI,MRCWND11D18L331E
Scuola Media di TRIESTE,LNGLRN13C22L424G
Scuola Media di TRIESTE,LNGVTT13P20L424W
Scuola Media di TRIESTE,LNGFPP12M09L424X
Scuola Media di TRIESTE,LNGFNN13B06L424P
Scuola Media di TRIESTE,LNGNZE13S11L424P
Scuola Media di TRIESTE,LNGGDE10S29L424L
Scuola Media di TRIESTE,LNGPCC11P27L424E
Scuola Media di TRIESTE,LNGRTI10T18L424G
Scuola Media di TRIESTE,LNGLNS12D09L424M
Scuola Media di TRIESTE,LNGMSC12E12L424C
Scuola Media di TRIESTE,LNGSLM11R10L424E
Scuola Media di TRIESTE,LNGLRA13E29L424N
Scuola Media di TRIESTE,LNGDMN12H05L424Z
Scuola Media di TRIESTE,LNGCTN13M20L424M
Scuola Media di TRIESTE,LNGCRN12M11L424D
Scuola Media di TRIESTE,LNGDLE13L05L424Q
Scuola Media di TRIESTE,LNGLLD11A23L424O
Scuola Media di TRIESTE,LNGRLA13C27L424H
Scuola Superiore di ASCOLI PICENO,PCRGDI08M20A462G
Scuola Superiore di ASCOLI PICENO,PCRFPP07M08A462X
Scuola Superiore di ASCOLI PICENO,PCRLCI09M05A462U
Scuola Superiore di ASCOLI PICENO,PCRNTN09L23A462S
Scuola Superiore di TRAPANI,MRCFCN08T22L331K
Scuola Superiore di TRAPANI,MRCYND09T26L331T
Scuola Superiore di TRAPANI,MRCGLI09E07L331L
Scuola Superiore di TRAPANI,MRCLFA09R09L331U
Scuola Superiore di TRAPANI,MRCPIO10A05L331T
Scuola Media di CALTANISSETTA,MRNFBL12S07B429F
Università di PALERMO,FTTMLN03H27G273K
Università di PALERMO,FTTRME03P15G273B
Università di PALERMO,FTTLSS05A30G273T
Università di PALERMO,FTTNLN06A10G273H
Università di PALERMO,FTTVNZ03B26G273C
Scuola Superiore di LATINA,SGLMRN08B24E472W
Scuola Superiore di LATINA,SGLLBA08D22E472D
Scuola Superiore di LATINA,SGLBRT09P10E472M
Scuola Superiore di BRINDISI,DMLYLN09E30B180T
Scuola Superiore di BRINDISI,DMLVNT09A10B180C
Scuola Superiore di BRINDISI,DMLLRZ09E05B180F
Scuola Superiore di BRINDISI,DMLGFR09P08B180X
Scuola Superiore di BRINDISI,DMLSFN10E20B180L
Università di LIVORNO,CFTCNL03H29E625F
Università di LIVORNO,CFTPPP04H02E625O
Scuola Media di LIVORNO,CFTMRN11P13E625Z
Scuola Media di LIVORNO,CFTGLL11D07E625A
Scuola Media di LIVORNO,CFTRST13M16E625N
Scuola Media di TRENTO,BNGGLI13H13L378O
Scuola Media di TRENTO,BNGCRL12S13L378L
Scuola Media di TRENTO,BNGPCR13D28L378K
Scuola Media di TRENTO,BNGMRA11S18L378V
Scuola Media di TRENTO,BNGVRN13P30L378U
