workplace,cf
Ospedale di PADOVA,CLDCCL65A19G224C
Ospedale di PADOVA,BNZVVN62E10G224A
Ospedale di PADOVA,BNZMND63M10G224B
Ospedale di PADOVA,LDALDL85P13G224Q
Ospedale di PADOVA,DLSPRL80A14G224M
Ospedale di PADOVA,MCCMME83D22G224N
Ospedale di PADOVA,FRSRCC99P16G224H
Ospedale di PADOVA,MLRMRC60L25G224L
Ospedale di PADOVA,MLRMCL63A23G224L
Ospedale di PADOVA,MLRTDD63C30G224L
Ospedale di PADOVA,SLRGRT83C28G224E
Ospedale di PADOVA,SLRTCR02T17G224Z
Fabbrica di PADOVA,CLDRMR65E12G224C
Fabbrica di PADOVA,CLDLRZ65P25G224X
Fabbrica di PADOVA,SCRSBN88P04G224K
Fabbrica di PADOVA,BNZZTI60D23G224G
Fabbrica di PADOVA,LDASVG86E16G224K
Fabbrica di PADOVA,LDADRD88P12G224C
Fabbrica di PADOVA,LDAPLA86R10G224G
Fabbrica di PADOVA,MCCSDR82E22G224W
Fabbrica di PADOVA,MCCLNI83L28G224D
Fabbrica di PADOVA,MCCDLN79E01G224Y
Fabbrica di PADOVA,MCCMRG82C06G224K
Fabbrica di PADOVA,MCCFBN82B11G224J
Fabbrica di PADOVA,DCELRC99B03G224U
Fabbrica di PADOVA,SLRPRI81H11G224S
Fabbrica di PADOVA,SLRDAA81S07G224C
Fabbrica di PADOVA,SLRPRI82H26G224J
Azienda di PADOVA,CLDLSN65M06G224E
Azienda di PADOVA,CLDPPN64B16G224H
Azienda di PADOVA,LDANCL85T04G224C
Azienda di PADOVA,LDADLC85M13G224L
Azienda di PADOVA,DLSNLN83C18G224Z
Azienda di PADOVA,DLSSRA80B13G224B
Azienda di PADOVA,MLRNLT59C13G224A
Azienda di PADOVA,SLRNMO80P28G224L
Ospedale di RIMINI,PTTGTV71A19H294S
Ospedale di RIMINI,PTTRCC71P04H294Q
Ospedale di RIMINI,PTTGPR69M09H294Z
Azienda di RIMINI,PTTPLP72M08H294A
Azienda di RIMINI,PTTRLN72B07H294G
Fabbrica di VARESE,MRNLVS65M08L682I
Fabbrica di VARESE,MRNNTS67C29L682H
Fabbrica di VARESE,VZZLRD60B04L682N
Fabbrica di VARESE,VZZSTN59B13L682Q
Ufficio di VARESE,MRNGLD65M24L682A
Fabbrica di SIRACUSA,BRTLRT72R22I754M
Fabbrica di SIRACUSA,BRTLVO71E19I754Y
Fabbrica di SIRACUSA,BRSDLU60M13I754G
Fabbrica di SIRACUSA,BRSRNT63P07I754G
Fabbrica di SIRACUSA,BRSNFR61H28I754J
Fabbrica di SIRACUSA,BRSRHL63A10I754E
Fabbrica di SIRACUSA,GRZMRA85E19I754N
Fabbrica di SIRACUSA,GRZVTI87M06I754O
Ufficio di SIRACUSA,BRTVNT70E11I754B
Ospedale di SIRACUSA,BRTDLF68T21I754R
Ospedale di SIRACUSA,BRTFPP70P29I754G
Ospedale di SIRACUSA,BRTFNC72D15I754H
Ospedale di SIRACUSA,BRTNEE69H06I754W
Ospedale di SIRACUSA,BRTLRZ73A19I754B
Ospedale di SIRACUSA,BRSMAI61C01I754G
Ospedale di SIRACUSA,BRSLRG60A29I754C
Ospedale di SIRACUSA,GRZMSS84H02I754Z
Ufficio di POTENZA,SCRMRT65E03G942D
Ufficio di POTENZA,SCRLGU64L05G942K
Ufficio di POTENZA,SCRRND66R04G942G
Ufficio di POTENZA,SCRGTN68H22G942I
Ufficio di POTENZA,VNCGRN87A19G942K
Ufficio di POTENZA,VGRCGR70H03G942F
Fabbrica di POTENZA,SCRDNL66S19G942R
Fabbrica di POTENZA,SCRCGR68D02G942X
Fabbrica di POTENZA,SCRLSS66P17G942L
Fabbrica di POTENZA,VNCLRD85E13G942X
Fabbrica di POTENZA,VNCGDU04L26G942T
Fabbrica di POTENZA,VGRWNN72H14G942F
Fabbrica di POTENZA,VGRLDA93H16G942F
Fabbrica di POTENZA,VGRLGO92A27G942N
Azienda di POTENZA,SCRSLV65P12G942A
Azienda di POTENZA,SCRLEO66E19G942O
Azienda di POTENZA,VNCDRA03H09G942N
Azienda di POTENZA,VGRMRK68S27G942O
Azienda di BRINDISI,SGLCCL68B20B180Y
Azienda di BRINDISI,SGLGTN68L29B180L
Azienda di BRINDISI,SGLGIA66H05B180E
Azienda di BRINDISI,VNTLNE85S17B180G
Azienda di BRINDISI,VNTLVO85L07B180X
Azienda di BRINDISI,CRNLDI69B09B180T
Azienda di BRINDISI,NTMGDN69T08B180U
Azienda di BRINDISI,NTMRND06S01B180W
Azienda di BRINDISI,NTMSAI04E28B180Z
Ufficio di VERONA,TRNPLG77R14L781Y
Ufficio di VERONA,MDDGLR69D09L781N
Ufficio di VERONA,CNCLNR73P25L781P
Ufficio di VERONA,TFURNL69A23L781X
Ufficio di VERONA,TFUDNI71T12L781K
Azienda di VERONA,TRNFLR78C28L781I
Azienda di VERONA,SCRCML94H24L781M
Azienda di VERONA,MDDTZN70S11L781T
Azienda di VERONA,TFURKE70B15L781V
Azienda di VERONA,TFUCLD71C03L781G
Azienda di VERONA,TFUNDR71P26L781Q
Azienda di VERONA,TFUCCL73E22L781V
Azienda di VERONA,TFUCSM71T14L781J
Azienda di VERONA,TFURNT71B13L781X
Azienda di URBINO,BRDLSE65D17L500R
Azienda di URBINO,BRDLSS64D09L500H
Azienda di URBINO,BRDNSC66S06L500U
Azienda di URBINO,SCRVNZ88P29L500K
Azienda di URBINO,SCRJSC86T31L500I
Azienda di URBINO,SCRRND85S29L500Q
Azienda di URBINO,SGLCLL86A04L500V
Azienda di URBINO,LDALCU85T30L500H
Azienda di URBINO,LDARHL88E30L500O
Azienda di URBINO,LDADNC86T30L500X
Azienda di URBINO,LDALBR85R29L500M
Azienda di URBINO,BTTTRS72S05L500R
Ospedale di URBINO,BRDGRG65T26L500Q
Ospedale di URBINO,BRDSLN68C15L500W
Ospedale di URBINO,BRDCTN67D13L500L
Ospedale di URBINO,SCRCAI87M26L500P
Ospedale di URBINO,SCRDRD86A26L500A
Ospedale di URBINO,SGLPQN84S28L500H
Ospedale di URBINO,RCCMLN95T25L500U
Ospedale di URBINO,SGLNTS03M16L500A
Ospedale di URBINO,SGLPCR04T26L500Q
Ospedale di URBINO,BTTRZR62R18L500E
Ospedale di URBINO,BTTMNN63S02L500I
Ospedale di URBINO,BTTCST61H11L500V
Ospedale di URBINO,BTTMRO60B29L500A
Ospedale di URBINO,BTTNTN60A15L500Y
Fabbrica di URBINO,BRDSRN67L24L500V
Fabbrica di URBINO,SCRNLN85H09L500J
Fabbrica di URBINO,SGLNLN84C07L500S
Fabbrica di URBINO,SGLPCC87C04L500F
Fabbrica di URBINO,SGLSDI85B12L500G
Fabbrica di URBINO,SGLDNA84M08L500A
Fabbrica di URBINO,SGLTZN03R11L500L
Fabbrica di URBINO,SGLFNZ03L26L500S
Fabbrica di URBINO,BTTLPA58T07L500U
Fabbrica di URBINO,LDAFNC85L29L500H
Fabbrica di URBINO,LDARGR84H15L500G
Fabbrica di URBINO,LDASCR83S25L500S
Fabbrica di URBINO,BTTLCU70R04L500Y
Ufficio di GENOVA,RCCVTT77H04D969O
Ufficio di GENOVA,BRTRLA96T26D969F
Ufficio di GENOVA,VNCVTR94S24D969X
Ufficio di GENOVA,VRNLEO65P26D969Q
Ufficio di GENOVA,VRNLLE65P16D969A
Ufficio di GENOVA,VRNFLC64M11D969R
Ufficio di GENOVA,VRNGTN84P20D969E
Ufficio di GENOVA,VRNSCN87E21D969P
Ufficio di GENOVA,DPRMSS63S02D969C
Ufficio di GENOVA,VNTPRN81L14D969C
Ufficio di GENOVA,VNTCLN80C15D969P
Ufficio di GENOVA,VNTGLL83D16D969Y
Ufficio di GENOVA,VNTLRC99H22D969H
Ufficio di GENOVA,DLBNNE75E22D969O
Ufficio di GENOVA,DLBVND75B28D969A
Ufficio di GENOVA,DLBSLV74T08D969K
Ufficio di GENOVA,DLBLRI75P24D969C
Ospedale di GENOVA,RCCRST76L29D969I
Ospedale di GENOVA,VRNCTN87H14D969Y
Ospedale di GENOVA,VRNSVN84C09D969G
Ospedale di GENOVA,VRNNFR87C10D969S
Ospedale di GENOVA,VRNRNN85E07D969Q
Ospedale di GENOVA,VRNCST91D02D969J
Ospedale di GENOVA,VNTNFR82S08D969B
Ospedale di GENOVA,VNTGLD82R06D969P
Ospedale di GENOVA,VNTBNT82L31D969A
Ospedale di GENOVA,DLBRNT94E23D969M
Ospedale di GENOVA,DLBVLR00R10D969S
Ospedale di GENOVA,DLBVCN95C28D969E
Ospedale di GENOVA,DLBSFO97H08D969W
Azienda di GENOVA,RCCLDL75R21D969X
Azienda di GENOVA,RCCSBN74S03D969H
Azienda di GENOVA,PTTMRN94L21D969V
Azienda di GENOVA,PTTNTL98A02D969E
Azienda di GENOVA,SCRGBB95P27D969Y
Azienda di GENOVA,VRNLDN64C15D969L
Azienda di GENOVA,VRNGGN65H06D969C
Azienda di GENOVA,DPRGLL60R29D969S
Azienda di GENOVA,DLBSDR75L23D969Q
Azienda di GENOVA,DLBTLL74P02D969C
Azienda di GENOVA,DLBCNN77H30D969T
Azienda di GENOVA,DLBNTL75S16D969B
Azienda di GENOVA,DLBRCE78R16D969O
Azienda di GENOVA,DLBPCC74C06D969C
Azienda di GENOVA,DLBDRD77C01D969I
Azienda di GENOVA,DLBRLN95S07D969C
Azienda di GENOVA,DLBGTN95C06D969S
Azienda di GENOVA,DLBMRN97D12D969N
Fabbrica di GENOVA,RCCGPR77T18D969U
Fabbrica di GENOVA,RCCCRN77M28D969W
Fabbrica di GENOVA,SCRDRO95L02D969D
Fabbrica di GENOVA,VRNRFL66C13D969R
Fabbrica di GENOVA,VRNLDA86M21D969F
Fabbrica di GENOVA,VLLBND04H22D969Z
Fabbrica di GENOVA,VNTSVN78T01D969M
Fabbrica di GENOVA,DLBLNE73S17D969Y
Fabbrica di GENOVA,DLBYLN76C04D969R
Fabbrica di GENOVA,DLBGLL73T05D969H
Fabbrica di GENOVA,DLBSST74S29D969S
Fabbrica di GENOVA,DLBLVR95D16D969A
Ufficio di VICENZA,LZZMAI68D19L840E
Ufficio di VICENZA,BNCFLR88A27L840W
Ufficio di VICENZA,BNCVNA84R01L840V
Ufficio di VICENZA,BNCNNE87H14L840N
Ospedale di VICENZA,LZZMRT65A19L840N
Ospedale di VICENZA,MRNFNC87L06L840G
Ospedale di VICENZA,MRNZRA05B13L840H
Ospedale di VICENZA,MRNSLD03C04L840D
Ospedale di SASSARI,BNCCTN64E10I452A
Ospedale di SASSARI,BNCFDR66L29I452S
Ospedale di SASSARI,BNCGRG65L20I452O
Ospedale di SASSARI,CLDZOE84E25I452H
Ospedale di SASSARI,PTTFRC92E16I452W
Ospedale di SASSARI,ZRALRC62D12I452P
Ospedale di SASSARI,ZRACMN60T07I452R
Ospedale di SASSARI,ZRASRN82C30I452H
Ospedale di SASSARI,ZRAGVR80P20I452W
Ospedale di SASSARI,ZRAPRI82T06I452T
Ospedale di SASSARI,ZRAFCN83L20I452Q
Ospedale di SASSARI,ZRAGGI03S23I452S
Ospedale di SASSARI,ZRAMRC06A07I452L
Ospedale di SASSARI,ZRALLD00H15I452O
Ospedale di SASSARI,ZRAMRA02B09I452I
Ufficio di SASSARI,BNCLNE64S02I452M
Ufficio di SASSARI,BNCLRC67L04I452X
Ufficio di SASSARI,ZRAVNA59S04I452W
Ufficio di SASSARI,ZRAPNI62S22I452R
Ufficio di SASSARI,ZRALNR62M15I452J
Ufficio di SASSARI,ZRAGMN80C01I452Z
Ufficio di SASSARI,ZRALLL80T27I452Q
Ufficio di SASSARI,ZRAFTN83M19I452G
Ufficio di SASSARI,ZRAPRN80R30I452F
Ufficio di SASSARI,ZRACLL80E20I452M
Ufficio di SASSARI,ZRAGAI00A07I452Y
Ufficio di SASSARI,ZRASRG01M27I452J
Ufficio di SASSARI,ZRANBL99E05I452O
Azienda di SASSARI,BNCRME65L09I452Z
Azienda di SASSARI,CLDFLC88D04I452A
Azienda di SASSARI,CLDCSR85A07I452T
Azienda di SASSARI,ZRAMSM61C07I452M
Azienda di SASSARI,ZRARTI62T23I452R
Azienda di SASSARI,ZRAGLL81T22I452A
Azienda di SASSARI,ZRAFDL79R14I452F
Azienda di SASSARI,ZRANEE81E06I452I
Azienda di SASSARI,ZRALVO79D08I452Z
Azienda di SASSARI,ZRARNL99E24I452K
Azienda di SASSARI,ZRANTN99R05I452D
Fabbrica di RAGUSA,VNCSTR65D15H163I
Fabbrica di RAGUSA,BNCGDU84L31H163X
Fabbrica di RAGUSA,CLLGIA06E18H163X
Ufficio di RAGUSA,VNCMHL63T30H163U
Ufficio di RAGUSA,VNCMNO63T26H163N
Ufficio di RAGUSA,VNCMLT67S08H163G
Ufficio di RAGUSA,SCRGDU88S01H163K
Ufficio di RAGUSA,BNCCTN88M30H163M
Ufficio di RAGUSA,BNCGSI84R07H163I
Ufficio di RAGUSA,BNCMTN87M25H163G
Ufficio di RAGUSA,BNCZOE84M12H163V
Ufficio di RAGUSA,CLLNLM80H11H163C
Ufficio di RAGUSA,CLLLSS03M13H163H
Azienda di RAGUSA,VNCNZE64H02H163Z
Azienda di RAGUSA,VNCGLL67C14H163C
Azienda di RAGUSA,SCRPLA84E09H163K
Azienda di RAGUSA,SCRMMI84B22H163G
Azienda di RAGUSA,SCRGRD88S10H163W
Azienda di RAGUSA,BNCPNI85H24H163D
Azienda di RAGUSA,CLLLGU80T13H163X
Azienda di RAGUSA,CLLVLI81R12H163D
Azienda di RAGUSA,CLLDRA82P03H163E
Ospedale di RAGUSA,VNCRSO65M25H163O
Ospedale di RAGUSA,SCRRBN86S23H163O
Ospedale di RAGUSA,BNCLNU86S21H163Y
Ospedale di RAGUSA,BNCVTR84M18H163V
Ospedale di RAGUSA,BNCSDR84R17H163Z
Fabbrica di SASSARI,CLDRGR86T13I452Q
Fabbrica di SASSARI,PTTZRR91P12I452O
Fabbrica di SASSARI,ZRALBA62B25I452H
Fabbrica di SASSARI,ZRADMN62A03I452X
Fabbrica di SASSARI,ZRADRA81T10I452L
Fabbrica di SASSARI,ZRABDT80A21I452N
Fabbrica di SASSARI,ZRASLM80A07I452J
Fabbrica di SASSARI,ZRANRN80L28I452Q
Fabbrica di SASSARI,ZRACRN80T26I452L
Fabbrica di SASSARI,ZRAGDN79B02I452V
Fabbrica di SASSARI,ZRAFDN81M07I452S
Fabbrica di SASSARI,ZRARLA06A24I452E
Fabbrica di SASSARI,ZRAFRZ00A06I452T
Fabbrica di VICENZA,MRNNTN85B02L840D
Fabbrica di VICENZA,MRNPCC84A24L840R
Fabbrica di VICENZA,BNCLLE86S17L840X
Fabbrica di VICENZA,BNCVDN84R21L840X
Fabbrica di VICENZA,MRNLCU03D16L840X
Azienda di VICENZA,MRNGST86D27L840W
Azienda di VICENZA,MRNRSL86M03L840Y
Azienda di VICENZA,BNCCMN86A16L840Y
Azienda di VICENZA,BNCLND88C20L840S
Azienda di VICENZA,MRNSRL06C01L840J
Ospedale di VARESE,BRTFBL92A02L682L
Ufficio di PADOVA,SCRPRZ88D06G224L
Ufficio di PADOVA,BNZNLN61M08G224L
Ufficio di PADOVA,BNZDLD61C01G224L
Ufficio di PADOVA,LDANMO87L30G224F
Ufficio di PADOVA,LDABDT88C30G224P
Ufficio di PADOVA,MCCVRN80L11G224J
Ufficio di PADOVA,MCCRNL81P15G224C
Ufficio di PADOVA,FRSFLV01E02G224G
Ufficio di PADOVA,SLRMCR81P26G224X
Ufficio di PADOVA,SLRGTN80H03G224Z
Ufficio di URBINO,SCRCPI83S16L500G
Ufficio di URBINO,SGLVEA88L24L500P
Ufficio di URBINO,SGLLDN86A28L500V
Ufficio di URBINO,RCCLPA98B24L500Q
Ufficio di URBINO,RCCGTN95H01L500M
Ufficio di URBINO,VNCZTI84C24L500J
Ufficio di URBINO,BTTGLL59C08L500V
Ufficio di URBINO,BTTGTV61C28L500L
Ufficio di URBINO,LDAGZZ87L08L500G
Ufficio di URBINO,DCEMTA05D28L500Z
Ufficio di URBINO,BTTLDI73P04L500M
Ufficio di URBINO,BTTLND73A31L500M
Ufficio di BRINDISI,RCCGRT95S06B180H
Ufficio di BRINDISI,CRNLIO70S02B180A
Ufficio di BRINDISI,CRNGNZ73R19B180X
Ufficio di BRINDISI,CRNFNC71D16B180Q
Ufficio di BRINDISI,DRNSCN89M27B180Z
Ufficio di BRINDISI,NTMRST70C03B180O
Azienda di TORINO,SCRMNO65T02L219P
Azienda di TORINO,SCRDFN64M02L219B
Azienda di TORINO,SCRFNC68H18L219R
Azienda di TORINO,SCRCRN66M24L219D
Azienda di TORINO,RGGSBN87B27L219N
Azienda di TORINO,RGGGTN85T11L219J
Azienda di TORINO,BCCDMN66R13L219M
Azienda di TORINO,VDPRNI71H07L219V
Azienda di TORINO,ZZLMNI69C26L219U
Azienda di TORINO,RTNCST70T01L219T
Azienda di TORINO,RTNLRZ71R11L219A
Azienda di TORINO,RTNMDE70A29L219T
Azienda di TORINO,RTNLNZ92E07L219I
Fabbrica di TORINO,SCRLNI67P19L219Q
Fabbrica di TORINO,RGGBGI84P24L219Y
Fabbrica di TORINO,ZZLLSS69D29L219D
Fabbrica di TORINO,FNRMMI73P27L219W
Fabbrica di TORINO,FNRDBR71H02L219C
Fabbrica di TORINO,RTNBLD72S06L219J
Fabbrica di TORINO,RTNLGU94D10L219J
Azienda di COMO,MMNRNT61C31C933H
Azienda di COMO,MLTLRN80A26C933P
Azienda di COMO,BLLGPR66R10C933B
Azienda di COMO,BLLLDL65A09C933P
Azienda di COMO,GDNFBN04S04C933L
Azienda di LIVORNO,LRCCMN60S15E625E
Azienda di LIVORNO,LRCRLB59S09E625H
Azienda di LIVORNO,LRCLCU62B04E625S
Azienda di LIVORNO,FLLLRT83P26E625M
Azienda di LIVORNO,FLLTNO81S16E625H
Azienda di LIVORNO,FSSFTM82L28E625Y
Azienda di LIVORNO,NNZLDI79A25E625C
Azienda di LIVORNO,NNZLCU80T25E625S
Azienda di LIVORNO,VNDCTN06L07E625R
Azienda di LIVORNO,VNDDTL03T26E625X
Azienda di LIVORNO,CMPSCR80R04E625A
Azienda di LIVORNO,CMPNEE99R03E625V
Ufficio di LIVORNO,LRCDLL63C25E625M
Ufficio di LIVORNO,LRCCGR61T09E625P
Ufficio di LIVORNO,FLLFLR81R23E625V
Ufficio di LIVORNO,FLLBGI82H02E625Z
Ufficio di LIVORNO,FSSNTL79B15E625Z
Ufficio di LIVORNO,NNZSML80E16E625Z
Ufficio di LIVORNO,MSCLMO05P24E625I
Ufficio di LIVORNO,CMPTNZ83E24E625E
Ufficio di LIVORNO,CMPLND81T18E625M
Ufficio di LIVORNO,CMPMLD00D24E625O
Ospedale di LIVORNO,FLLMMM80L09E625S
Ospedale di LIVORNO,FLLCCL83C26E625U
Ospedale di LIVORNO,FSSBTL80S20E625H
Ospedale di LIVORNO,NNZZRA80D12E625Z
Ospedale di LIVORNO,NNZGLL83P23E625P
Ospedale di LIVORNO,CMTDMN00A14E625H
Ospedale di LIVORNO,RGGFTN04C16E625R
Ospedale di LIVORNO,SNELNU59B05E625Y
Ospedale di LIVORNO,SNESNL60A29E625A
Ospedale di LIVORNO,CMPDNC81L23E625I
Ospedale di LIVORNO,CMPCLD82P08E625C
Fabbrica di LIVORNO,FLLMDA83P18E625W
Fabbrica di LIVORNO,FSSGNN80C28E625F
Fabbrica di LIVORNO,NNZCML81H13E625K
Fabbrica di LIVORNO,NNZRSL83B06E625L
Fabbrica di LIVORNO,NNZSML83E09E625H
Fabbrica di LIVORNO,RIENCN04H26E625Z
Fabbrica di LIVORNO,CMPFLC05C18E625S
Azienda di ASTI,FLLDLA76L09A479Q
Azienda di ASTI,MLTVLI75L21A479L
Azienda di ASTI,MLTVNZ74H01A479C
Azienda di ASTI,NNZVIO74A14A479X
Azienda di ASTI,RGGMLA05A15A479Z
Ospedale di MATERA,FLLMLN76C03F052E
Ospedale di MATERA,FLLVNC74L25F052X
Ospedale di MATERA,CMTCLS77S09F052Y
Ospedale di MATERA,CMTCRL76D26F052L
Ospedale di MATERA,RIEMLD77P18F052D
Ospedale di MATERA,RIEPLL78C04F052G
Ospedale di MATERA,LRCMDE81C17F052E
Ospedale di MATERA,FLLMMM05R24F052H
Ospedale di MATERA,FSSMLE00T03F052X
Ospedale di MATERA,MLTQMD00H08F052D
Ospedale di MATERA,BTTSDR95C09F052N
Ospedale di MATERA,BTTMRT95R30F052W
Ospedale di MATERA,VNDSNT74H02F052Q
Ospedale di MATERA,VNDGLR78L30F052C
Ospedale di MATERA,MRFMLI81S19F052M
Ospedale di MATERA,NVNDVG77T12F052K
Ospedale di MATERA,CLLFBL03B03F052L
Ospedale di MATERA,RZZCSG95S07F052R
Ospedale di MATERA,MSLMNC59P17F052D
Ospedale di MATERA,MSLMNL62M01F052E
Ospedale di MATERA,MSLDBR59S30F052K
Ospedale di MATERA,MSLPTR67R05F052P
Ospedale di MATERA,MSLLDR67H01F052A
Ospedale di MATERA,MCCDLZ85E22F052J
Ospedale di MATERA,MSLLRT86L18F052N
Ospedale di MATERA,FLRMRT98S04F052H
Ospedale di MATERA,FLRGAI97M18F052Z
Azienda di MATERA,FLLMTT76S26F052L
Azienda di MATERA,FLLSTN75D15F052C
Azienda di MATERA,FLLLND75H19F052J
Azienda di MATERA,CMTZRR76C17F052N
Azienda di MATERA,CMTMRC74B14F052W
Azienda di MATERA,RIEMLD76L14F052T
Azienda di MATERA,RIEVVN75L28F052C
Azienda di MATERA,RIEFNZ96P15F052F
Azienda di MATERA,VNDPNG73T04F052A
Azienda di MATERA,VNDVTR75L20F052X
Azienda di MATERA,VNDLIA77R25F052T
Azienda di MATERA,VNDDLA75D09F052Z
Azienda di MATERA,MRFLSU82E29F052E
Azienda di MATERA,NVNGNE75H16F052G
Azienda di MATERA,MRFLNE04C23F052O
Azienda di MATERA,NVNDAA97L24F052U
Azienda di MATERA,NVNPRZ96P26F052Q
Azienda di MATERA,MSLRLN62A06F052T
Azienda di MATERA,MSLLSS63D16F052I
Azienda di MATERA,MSLLSU58T17F052W
Azienda di MATERA,MSLNRN67S23F052D
Azienda di MATERA,MSLGLL66C01F052Z
Azienda di MATERA,MSLMMI67E08F052O
Azienda di MATERA,NTNLBN02C18F052X
Azienda di MATERA,MCCRGR87T23F052J
Fabbrica di MATERA,FLLMRC75H13F052J
Fabbrica di MATERA,CMTCSM77H26F052B
Fabbrica di MATERA,RIEFBN77M09F052S
Fabbrica di MATERA,RIEMMM74H05F052E
Fabbrica di MATERA,LRCDBR83E11F052Q
Fabbrica di MATERA,FSSVTT02E16F052L
Fabbrica di MATERA,MLTBNT00H19F052J
Fabbrica di MATERA,RIETZN94S22F052K
Fabbrica di MATERA,NNZGDE99B20F052S
Fabbrica di MATERA,VNDCLO74D21F052S
Fabbrica di MATERA,VNDGTA73T22F052D
Fabbrica di MATERA,VNDLRT75T09F052L
Fabbrica di MATERA,MRFNRC83C01F052K
Fabbrica di MATERA,VNDSNT94E26F052Y
Fabbrica di MATERA,NVNLNI01D24F052G
Fabbrica di MATERA,MSLRLA58T22F052P
Fabbrica di MATERA,MSLVDN59M25F052W
Fabbrica di MATERA,MSLGLD63R09F052M
Fabbrica di MATERA,MSLDLE64D28F052K
Fabbrica di MATERA,MSLCAI66M01F052C
Fabbrica di MATERA,MSLLPA88P11F052X
Fabbrica di MATERA,MCCFLV86C01F052X
Fabbrica di MATERA,MSLRMN87R11F052J
Ufficio di MATERA,FLLMRC77M06F052T
Ufficio di MATERA,CMTMSM76B03F052J
Ufficio di MATERA,RIEMLE74D28F052G
Ufficio di MATERA,LRCBRT81T20F052D
Ufficio di MATERA,FSSRSR00C20F052K
Ufficio di MATERA,MLTWTR99P28F052K
Ufficio di MATERA,NNZDNC00P30F052B
Ufficio di MATERA,NNZCRN02H19F052H
Ufficio di MATERA,BTTFSC97R03F052H
Ufficio di MATERA,VNDLND76B29F052W
Ufficio di MATERA,VNDNLN75H14F052V
Ufficio di MATERA,VNDVNI77E09F052T
Ufficio di MATERA,NVNRND75M09F052W
Ufficio di MATERA,NVNTNZ76S11F052V
Ufficio di MATERA,MSLNDA62P23F052B
Ufficio di MATERA,MSLGDI62A12F052X
Ufficio di MATERA,MSLCLL61B23F052U
Ufficio di MATERA,MSLRNN61D04F052I
Ufficio di MATERA,MSLRFL65S05F052M
Ufficio di MATERA,MCCCLL93E02F052S
Ufficio di MATERA,MSLGLL86H28F052K
Ufficio di MATERA,FLRLND95E11F052O
Fabbrica di PRATO,CMTCDD77M20G999P
Fabbrica di PRATO,CMTGTR78M19G999I
Fabbrica di PRATO,CMTLPA78C20G999F
Fabbrica di PRATO,MLTPMP78R23G999I
Fabbrica di PRATO,LRCDLA06A24G999F
Fabbrica di PRATO,RGGLRD06L14G999Z
Fabbrica di PRATO,RGGCDD04S22G999S
Ufficio di PRATO,CMTMLN75P28G999H
Ufficio di PRATO,VNDSRA74A18G999Z
Ufficio di PRATO,MLTPLT76T07G999K
Ufficio di PRATO,MLTRND78B24G999U
Ufficio di PRATO,MLTLVN98P12G999Q
Ufficio di PRATO,RGGRNN04T11G999A
Ospedale di ASTI,MSCFBN77M01A479I
Ospedale di ASTI,NNZMRC76T29A479T
Ospedale di ASTI,FLLMCR00C03A479I
Ospedale di ASTI,QNTLCI60T19A479P
Fabbrica di ASTI,MSCMRG74R16A479T
Fabbrica di ASTI,MLTVGL76L11A479Z
Fabbrica di ASTI,NNZVLM74R25A479S
Fabbrica di ASTI,FLLFNC00S09A479W
Ufficio di ASTI,MSCFBN75T29A479Z
Ufficio di ASTI,NNZLND76C17A479R
Ospedale di BRESCIA,MSCRND76M12B157V
Ospedale di BRESCIA,STTGND77D18B157S
Ospedale di BRESCIA,STTRFL77R13B157T
Ospedale di BRESCIA,STTSLL76D27B157U
Ospedale di BRESCIA,VDPRTT96L21B157S
Ospedale di BRESCIA,VDPMSC97B08B157I
Fabbrica di BRESCIA,MSCSMN77E26B157H
Fabbrica di BRESCIA,STTMTN76M29B157P
Fabbrica di BRESCIA,VDPFBN97H01B157Y
Fabbrica di BRESCIA,VDPNRO96T24B157W
Ospedale di RAVENNA,SCRTTO85A18H199V
Ospedale di RAVENNA,SCRGPP86M04H199F
Ospedale di RAVENNA,LDABND66C26H199I
Ospedale di RAVENNA,DLSNEE87C04H199D
Ospedale di RAVENNA,BGLCRL70E08H199J
Fabbrica di RAVENNA,SCRTBO87H28H199A
Fabbrica di RAVENNA,FSSCLL03R06H199U
Fabbrica di RAVENNA,LDANRN65H16H199C
Fabbrica di RAVENNA,DLSMLN85A21H199T
Fabbrica di RAVENNA,DLSPRI86H02H199P
Fabbrica di RAVENNA,BGLPCC72D14H199B
Fabbrica di RAVENNA,BGLRLB95B13H199Z
Azienda di RAVENNA,SCRSST84E06H199Z
Azienda di RAVENNA,SCRLRI84H23H199F
Azienda di RAVENNA,SCRLCN85H08H199S
Azienda di RAVENNA,SCRRRA85M23H199F
Azienda di RAVENNA,LDALSS68E19H199K
Azienda di RAVENNA,LDALSN68P19H199Z
Azienda di RAVENNA,PRCLCA87E06H199Y
Azienda di RAVENNA,BGLMRN71H24H199W
Azienda di RAVENNA,BGLCMB96L02H199A
Ufficio di RAVENNA,SCRNLT88L29H199T
Ufficio di RAVENNA,VNDMCL06B13H199G
Ufficio di RAVENNA,LDALVC65D23H199A
Ufficio di RAVENNA,LDASTR65A26H199C
Ufficio di RAVENNA,LDARLA67R11H199T
Ufficio di RAVENNA,DLSLTZ85S19H199T
Ufficio di RAVENNA,DLSNBR84R30H199C
Ufficio di RAVENNA,PRCLIO86E19H199G
Ufficio di RAVENNA,PRCNLN87R30H199A
Ufficio di RAVENNA,BGLSDR69E05H199F
Ufficio di RAVENNA,BGLRMO89S15H199U
Ufficio di PALERMO,VNDCCL77E18G273W
Ufficio di PALERMO,BTTGLI97E06G273Y
Ufficio di PALERMO,BTTLSN97E28G273W
Ospedale di PALERMO,VNDMRG78E30G273P
Ospedale di PALERMO,VNDSFN78A06G273K
Ospedale di PALERMO,LRCTDD02L27G273C
Fabbrica di PALERMO,VNDGNS78C23G273I
Fabbrica di PALERMO,LRCNMO00E03G273J
Azienda di PALERMO,VNDGST78R13G273D
Azienda di PALERMO,LRCFPP01M27G273J
Fabbrica di LUCCA,VNDWTR75H04E715K
Fabbrica di LUCCA,GDNCRN60A21E715K
Fabbrica di LUCCA,GDNLLL59M21E715L
Fabbrica di LUCCA,BLLCTN85A31E715D
Fabbrica di LUCCA,BLLNTN86P24E715Z
Fabbrica di LUCCA,BLLSNO84H20E715P
Fabbrica di LUCCA,BLLMME86M01E715X
Fabbrica di LUCCA,BLLGVF85T28E715A
Fabbrica di LUCCA,MRMSDR80L03E715E
Fabbrica di LUCCA,MRMLFA83M12E715C
Fabbrica di LUCCA,BRSLDR79D01E715C
Fabbrica di LUCCA,BRSMCL99R23E715J
Ospedale di PRATO,MLTSVN74S18G999M
Ospedale di PRATO,MLTNNA74H10G999R
Ufficio di COMO,MLTVCN83P13C933S
Ufficio di COMO,MLTCAI78S26C933L
Ufficio di COMO,FLLLLL04L19C933O
Ufficio di COMO,BLLBDT66C02C933C
Ufficio di COMO,BLLMRT66C25C933Y
Ufficio di COMO,GDNLFA86L04C933D
Ufficio di COMO,GDNPLA86R16C933J
Ufficio di COMO,GDNLNZ84L11C933Z
Ufficio di COMO,GDNPLP84A20C933C
Ufficio di COMO,GDNPLM87S20C933N
Ufficio di COMO,GDNDRN05T08C933E
Azienda di LATINA,RIEMSM74L04E472Q
Azienda di LATINA,BTTMLA74R24E472K
Azienda di LATINA,BTTMRA76L13E472J
Fabbrica di PESARO,BTTTTV74B17G479N
Fabbrica di PESARO,BTTPPN76R23G479R
Azienda di PESARO,BTTNRN74M26G479K
Ospedale di PESARO,BTTTTR75C05G479K
Ospedale di PESARO,RIENLC96B27G479D
Ufficio di PESARO,BTTRFL75P28G479H
Ufficio di PESARO,RIETTV95P28G479Q
Fabbrica di LATINA,BTTFST74S20E472A
Fabbrica di LATINA,BTTCSS76A25E472Z
Ufficio di LATINA,BTTRCR74H10E472H
Fabbrica di PORDENONE,BTTMIA76P02G888R
Fabbrica di PORDENONE,BTTGGR75H22G888N
Ufficio di LUCCA,RGGBRT75B04E715T
Ufficio di LUCCA,GDNGVR63L23E715H
Ufficio di LUCCA,MRMGLI82T23E715U
Ufficio di LUCCA,MRMMCR81L15E715E
Ufficio di LUCCA,BRSLSS79R31E715M
Ufficio di LUCCA,BRSFBN79H17E715N
Ufficio di LUCCA,BLLRRA04S16E715E
Ufficio di TORINO,RGGBDT88P13L219C
Ufficio di TORINO,RGGDLE86L30L219H
Ufficio di TORINO,RGGGIA84T03L219G
Ufficio di TORINO,RGGPRZ84S28L219P
Ufficio di TORINO,VDPGLL70R10L219Y
Ufficio di TORINO,VDPLSI73P07L219V
Ufficio di TORINO,VDPLDR72T08L219L
Ufficio di TORINO,RTNTVN73A25L219H
Ufficio di TORINO,RTNSRL69E21L219B
Azienda di PORDENONE,SCRRND03B04G888X
Azienda di PORDENONE,GRRCAI59H10G888O
Azienda di PRATO,BTTLLN97B17G999I
Ospedale di RIETI,VLLRCE66L14H282H
Ospedale di RIETI,VLLTTV65L18H282S
Ospedale di RIETI,VLLMMM88C18H282O
Ospedale di RIETI,VLLDLA84B03H282J
Ospedale di RIETI,VLLMCR86L16H282Z
Ospedale di RIETI,VLLGNS86T16H282T
Ospedale di RIETI,VVTVGL79T15H282P
Ospedale di RIETI,VVTFLC83C25H282T
Ospedale di RIETI,VVTNRC81T03H282E
Ospedale di RIETI,VVTLMO99L06H282G
Ospedale di RIETI,VVTDLA99R03H282S
Ospedale di RIETI,VVTPPP06E06H282E
Ospedale di RIETI,VVTCLD99H21H282Y
Ospedale di RIETI,VVTMRG04T25H282A
Fabbrica di RIETI,VLLZEI66C03H282V
Fabbrica di RIETI,VLLCSS65M12H282W
Fabbrica di RIETI,VLLBGI65R27H282R
Fabbrica di RIETI,VLLMRC65B04H282X
Fabbrica di RIETI,VLLDLE85T25H282K
Fabbrica di RIETI,VLLMSM84R27H282G
Fabbrica di RIETI,VLLZOE88L04H282A
Fabbrica di RIETI,VVTQMD60D06H282O
Fabbrica di RIETI,VVTMLE79B24H282X
Fabbrica di RIETI,VVTDLA83D24H282N
Fabbrica di RIETI,VVTSRG82T06H282W
Fabbrica di RIETI,VVTCST79C23H282N
Fabbrica di RIETI,VVTSDR79R10H282S
Fabbrica di RIETI,VVTDNA99E19H282Y
Azienda di RIETI,VLLLRT64A09H282Z
Azienda di RIETI,VLLCLI88E18H282Q
Azienda di RIETI,VLLMRL85H30H282W
Azienda di RIETI,VVTRND62T04H282U
Azienda di RIETI,VVTMTA82D13H282C
Azienda di RIETI,VVTSTN83L15H282Z
Azienda di RIETI,VVTGVF80A28H282C
Azienda di RIETI,VVTCST81E05H282P
Azienda di RIETI,VVTMCL00M04H282W
Ufficio di RIETI,VLLLND67S15H282C
Ufficio di RIETI,VLLGCH66L15H282D
Ufficio di RIETI,VLLQMD84P28H282E
Ufficio di RIETI,VLLNRN87D27H282G
Ufficio di RIETI,VVTCTN59A22H282Z
Ufficio di RIETI,VVTMDA62C11H282I
Ufficio di RIETI,VVTRZR62A20H282S
Ufficio di RIETI,VVTLLD79T03H282F
Ufficio di RIETI,VVTMHL81P30H282H
Ufficio di RIETI,VVTLVR79H14H282F
Ufficio di RIETI,VVTGGR83S08H282F
Ufficio di RIETI,VVTCTL83L07H282K
Ufficio di RIETI,VVTCSG79H11H282E
Ufficio di RIETI,VVTBNT79T16H282K
Ufficio di RIETI,VVTLNZ81C10H282X
Ufficio di RIETI,VVTLDE00M08H282A
Fabbrica di SAVONA,CRSMRN66H04I480K
Fabbrica di SAVONA,CRSVNI66P28I480Y
Fabbrica di SAVONA,CRSQRN66H11I480G
Fabbrica di SAVONA,VNTVCN78T13I480T
Fabbrica di SAVONA,VNTCMN82M18I480Z
Fabbrica di SAVONA,DNGFMN78S11I480F
Fabbrica di SAVONA,DNGPMP76T07I480H
Fabbrica di SAVONA,DNGRND78B15I480K
Fabbrica di SAVONA,DNGSRI74L31I480T
Fabbrica di SAVONA,DNGGTN77L10I480U
Fabbrica di SAVONA,CLNPRI95A16I480G
Fabbrica di SAVONA,MDCPMR97L21I480G
Fabbrica di SAVONA,CLNCDD97M28I480L
Fabbrica di SAVONA,FLRBSL95H16I480L
Fabbrica di SAVONA,PRSDBR62E16I480Q
Fabbrica di SAVONA,PRSLLN81S24I480Z
Fabbrica di SAVONA,PRSLNI04T20I480P
Ufficio di SAVONA,CRSPRM66E09I480Q
Ufficio di SAVONA,CRSGNS68C20I480F
Ufficio di SAVONA,CRSRRT65T05I480V
Ufficio di SAVONA,CMPVNT59A10I480B
Ufficio di SAVONA,CMPQRN63B06I480M
Ufficio di SAVONA,LMUVTR82A14I480M
Ufficio di SAVONA,VNTMRN05R04I480P
Ufficio di SAVONA,DNGVIO78R01I480S
Ufficio di SAVONA,DNGVCN75A04I480C
Ufficio di SAVONA,DNGFLV74A30I480N
Ufficio di SAVONA,CTTGRG96M28I480U
Ufficio di SAVONA,PTTSLM97T30I480M
Ufficio di SAVONA,PTTGDN97T19I480W
Ufficio di SAVONA,MDCVNI97A03I480H
Ufficio di SAVONA,CLNCTN95L16I480H
Ufficio di SAVONA,FLRFNC97C23I480X
Ufficio di SAVONA,PRSGTN60H02I480Y
Ufficio di SAVONA,PRSNDR63L12I480T
Ufficio di SAVONA,PRSWTR82L11I480H
Ufficio di SAVONA,PRSLSS83D03I480F
Ufficio di SAVONA,PRSMLD83R10I480F
Ufficio di SAVONA,PRSNNZ03E17I480R
Ufficio di SAVONA,PRSFPP06L06I480D
Azienda di SAVONA,CRSVTR64M04I480C
Azienda di SAVONA,CMPGDN59M12I480O
Azienda di SAVONA,CMPGTV59D10I480O
Azienda di SAVONA,VNTZNE82T08I480K
Azienda di SAVONA,DNGGLL75R28I480D
Azienda di SAVONA,DNGNLN77P29I480L
Azienda di SAVONA,DNGFCN76A04I480N
Azienda di SAVONA,DNGTLI78B04I480W
Azienda di SAVONA,PRSLRZ80H13I480Q
Azienda di SAVONA,PRSGRL80L31I480F
Azienda di SAVONA,PRSGTR80R30I480W
Ospedale di SAVONA,CRSGRT66S01I480W
Ospedale di SAVONA,CRSSLV65T24I480S
Ospedale di SAVONA,CRSCMB67E07I480Z
Ospedale di SAVONA,CRSVTT98L28I480M
Ospedale di SAVONA,CRSSRN85T10I480J
Ospedale di SAVONA,CRSNLN87E21I480X
Ospedale di SAVONA,CRSVLR85C07I480S
Ospedale di SAVONA,CMPRLL59C08I480U
Ospedale di SAVONA,CMPNRN62H10I480M
Ospedale di SAVONA,DNGMND78B21I480T
Ospedale di SAVONA,DNGLND76C15I480H
Ospedale di SAVONA,DNGVNC76P08I480T
Ospedale di SAVONA,DNGCST76C19I480O
Ospedale di SAVONA,DNGTDD77T18I480S
Ospedale di SAVONA,CLNCLD95E06I480R
Ospedale di SAVONA,PRSRNI58S25I480V
Ospedale di SAVONA,PRSPQN62A28I480B
Ospedale di SAVONA,PRSYLN61L20I480S
Ospedale di SAVONA,PRSMMM59A13I480B
Ospedale di SAVONA,PRSVCN59M31I480K
Ospedale di SAVONA,PRSNNI79C21I480C
Ospedale di SAVONA,PRSGTN79M06I480U
Ospedale di TORINO,BCCRNR64A08L219I
Ospedale di TORINO,BCCSLN65S08L219B
Ospedale di TORINO,VDPMRN68S22L219Z
Ospedale di TORINO,VDPNSC73L16L219R
Ospedale di TORINO,VDPGIA71R22L219I
Ospedale di TORINO,VDPPRD71T20L219L
Ospedale di TORINO,ZZLMGN72H15L219Y
Ospedale di TORINO,RTNRLA70C19L219U
Ospedale di TORINO,RTNGND69A28L219E
Ospedale di TORINO,RTNGDE95H13L219X
Fabbrica di ORISTANO,DSMSML69E07G113Y
Fabbrica di ORISTANO,DSMMRT70T24G113I
Fabbrica di ORISTANO,BLLMRN78E28G113N
Fabbrica di ORISTANO,BLLMGN95D15G113M
Ospedale di ORISTANO,DSMLNE69S17G113Q
Ospedale di ORISTANO,DSMSMN72T30G113N
Azienda di ORISTANO,DSMBSL71H08G113F
Azienda di ORISTANO,BLLGBB76B24G113S
Azienda di ORISTANO,BLLNLT74R14G113A
Azienda di ORISTANO,RCTRCR65D03G113H
Ufficio di ORISTANO,DSMBBR71A14G113A
Ufficio di ORISTANO,BLLLMP94D03G113I
Ufficio di OLBIA,BSSDVG66H11G015F
Ufficio di OLBIA,BSSRNL65S23G015K
Ufficio di OLBIA,BSSTNZ64C20G015M
Ufficio di OLBIA,BSSVTR86C21G015F
Ufficio di OLBIA,BSSVSC84D19G015I
Ufficio di OLBIA,BSSDRA84C19G015I
Ufficio di OLBIA,BSSSML84R23G015I
Ufficio di OLBIA,NVNSVR76H09G015G
Ufficio di OLBIA,NVNNTL77T14G015M
Ufficio di OLBIA,RCTFNC86L28G015S
Ufficio di OLBIA,RCTVLM85C14G015R
Ufficio di OLBIA,PLMLRC98L08G015W
Ospedale di OLBIA,BSSDLZ65P16G015S
Ospedale di OLBIA,BSSSML65S22G015H
Ospedale di OLBIA,BSSDLR87R25G015U
Ospedale di OLBIA,BSSPRM86A28G015D
Ospedale di OLBIA,PLMCLL74E30G015A
Ospedale di OLBIA,NVNWTR73T11G015O
Ospedale di OLBIA,RCTGBB88C09G015B
Ospedale di OLBIA,RCTPSQ87R27G015L
Ospedale di OLBIA,RCTLTZ84L08G015L
Ospedale di OLBIA,RCTDGS83S20G015O
Fabbrica di OLBIA,BSSMRA65C20G015V
Fabbrica di OLBIA,BSSTLI64T22G015S
Fabbrica di OLBIA,BSSMMM64T04G015F
Fabbrica di OLBIA,BSSNCL68H23G015Z
Fabbrica di OLBIA,BSSLGR85C26G015K
Fabbrica di OLBIA,BSSPIO85H25G015Z
Fabbrica di OLBIA,BSSDLM88M22G015S
Fabbrica di OLBIA,BSSLGO84T10G015A
Fabbrica di OLBIA,BSSNZR87S02G015R
Fabbrica di OLBIA,NVNSDR78A15G015I
Fabbrica di OLBIA,NVNTZN74T18G015K
Fabbrica di OLBIA,NVNSNT74B25G015T
Fabbrica di OLBIA,NVNCRI77L03G015F
Fabbrica di OLBIA,NVNNBL75A23G015I
Fabbrica di OLBIA,RCTMMM87B11G015K
Fabbrica di OLBIA,CLLLNZ06E23G015S
Fabbrica di OLBIA,CLLFLV04A20G015C
Fabbrica di OLBIA,PLMMLI95S11G015M
Azienda di OLBIA,BSSDLA65A25G015Q
Azienda di OLBIA,BSSMTN86E31G015X
Azienda di OLBIA,BSSRMN87P05G015L
Azienda di OLBIA,NVNLND78P17G015G
Azienda di OLBIA,NVNRGN76R17G015U
Azienda di OLBIA,RCTMRO84R27G015Z
Fabbrica di CAGLIARI,BRRRRG75B21B354Y
Fabbrica di CAGLIARI,BRRVLI77E18B354D
Fabbrica di CAGLIARI,BRRRME77L28B354F
Fabbrica di CAGLIARI,BRRMRN78R19B354F
Fabbrica di CAGLIARI,BRRPLL74D01B354B
Fabbrica di CAGLIARI,BRRVNT74A31B354C
Fabbrica di CAGLIARI,BRRDLF78C22B354S
Fabbrica di CAGLIARI,VNDRRA65D11B354B
Fabbrica di CAGLIARI,BRRMRZ95E19B354T
Fabbrica di CAGLIARI,BRRBDT98H17B354I
Fabbrica di CAGLIARI,VNDRKE87M08B354I
Fabbrica di CAGLIARI,VNDDNT84A05B354B
Fabbrica di CAGLIARI,BRRRRG95C26B354W
Fabbrica di CAGLIARI,BRRLRA94L22B354Y
Fabbrica di CAGLIARI,VNDLLL84A13B354G
Fabbrica di CAGLIARI,VNDCNZ86E25B354S
Fabbrica di CAGLIARI,BRRDFN95A16B354P
Fabbrica di CAGLIARI,CVLTVN69D13B354D
Fabbrica di CAGLIARI,CVLRGR72C09B354Q
Fabbrica di CAGLIARI,CVLLND73D05B354W
Fabbrica di CAGLIARI,CSLMLI93R20B354E
Fabbrica di CAGLIARI,MGNZRA01E30B354K
Azienda di CAGLIARI,BRRMRC76L03B354Z
Azienda di CAGLIARI,BRRFTM74C17B354S
Azienda di CAGLIARI,VNDGNZ68C02B354G
Azienda di CAGLIARI,VNDLCU68B24B354S
Azienda di CAGLIARI,BRRLBA94P30B354M
Azienda di CAGLIARI,VNDRST86A12B354C
Azienda di CAGLIARI,VNDLNR86C23B354J
Azienda di CAGLIARI,VNDVTR85H05B354C
Azienda di CAGLIARI,VNDMMM85R13B354E
Azienda di CAGLIARI,BRRTLI98P16B354W
Azienda di CAGLIARI,CVLSNT73B11B354A
Azienda di CAGLIARI,CVLCRL69E20B354F
Ufficio di ROVIGO,BRSLLL68R25H620W
Ufficio di ROVIGO,BRSMRA65A31H620U
Ufficio di ROVIGO,BRSLDE86D25H620T
Ufficio di ROVIGO,BRSRLB85M21H620Q
Ufficio di ROVIGO,BRSMRT88R14H620I
Ufficio di ROVIGO,BRSLRZ88B28H620Q
Ufficio di ROVIGO,CLNLRN65T04H620G
Ufficio di ROVIGO,CLNTDD64D20H620P
Ufficio di ROVIGO,CTTLNS85D12H620T
Ufficio di ROVIGO,PZZSRG86R02H620Q
Ufficio di ROVIGO,PZZCLD81S19H620J
Ufficio di ROVIGO,MCCMGN85L07H620F
Azienda di ROVIGO,BRSRTI64B17H620A
Azienda di ROVIGO,BRSGRM87C10H620J
Azienda di ROVIGO,BRSLRT84B04H620U
Azienda di ROVIGO,CLNMNL68H14H620Y
Azienda di ROVIGO,CLNLRI63R05H620X
Azienda di ROVIGO,CLNGNR65R01H620C
Azienda di ROVIGO,CTTLRT87A20H620B
Fabbrica di ROVIGO,BRSFMN65T01H620U
Fabbrica di ROVIGO,BRSSLL66E23H620W
Fabbrica di ROVIGO,BRSSRG88S07H620M
Fabbrica di ROVIGO,CLNRNL66E26H620A
Fabbrica di ROVIGO,CLNGFR65P12H620W
Fabbrica di ROVIGO,CLNGTN60B02H620K
Fabbrica di ROVIGO,CLNDMN66S22H620F
Fabbrica di ROVIGO,CLNGSI65M19H620R
Fabbrica di ROVIGO,CLNCRN66L20H620I
Fabbrica di ROVIGO,CTTVTT88A17H620H
Fabbrica di ROVIGO,DNGDNC95C08H620F
Fabbrica di ROVIGO,MCCSRI87H18H620R
Ospedale di ISERNIA,LPRFBN73E27E335Q
Ospedale di ISERNIA,LPRNZR70L17E335Q
Ospedale di ISERNIA,LPRBRM70H13E335N
Ospedale di ISERNIA,LPRSLV94S23E335N
Ufficio di ISERNIA,LPRCTL72S14E335S
Ufficio di ISERNIA,LPRFDR69L05E335U
Ufficio di ISERNIA,LPRNLM93L27E335A
Fabbrica di ISERNIA,LPRLSN71T02E335X
Fabbrica di ISERNIA,LPRRST71L11E335V
Fabbrica di ISERNIA,LPRMRA71E10E335Z
Fabbrica di ISERNIA,LPRMME91B14E335Q
Azienda di ISERNIA,LPRMNZ70A13E335H
Ospedale di CARBONIA,MSTRTD64L23B745V
Ospedale di CARBONIA,MSTLCU88B15B745G
Ospedale di CARBONIA,MSTVEA87P11B745P
Ospedale di CARBONIA,VLLNTS06D16B745F
Fabbrica di CARBONIA,MSTLVC66P26B745T
Fabbrica di CARBONIA,MSTMCL88R02B745X
Fabbrica di CARBONIA,MSTSRG85S25B745M
Ufficio di CARBONIA,MSTMNO66B03B745D
Ufficio di CARBONIA,MSTLRN85B20B745O
Ufficio di CARBONIA,MSTRNO85L07B745Z
Ufficio di CARBONIA,BRNLNU81R26B745M
Ospedale di CAGLIARI,VNDYNN67P24B354P
Ospedale di CAGLIARI,VNDGVF66P01B354T
Ospedale di CAGLIARI,BRRSTR96D29B354X
Ospedale di CAGLIARI,VNDVTR84T04B354U
Ospedale di CAGLIARI,VNDRMN84L31B354A
Ospedale di CAGLIARI,BRRCML96D07B354Z
Ospedale di CAGLIARI,CVLPMR71A03B354Y
Ospedale di CAGLIARI,RMPLSI72E17B354S
Ufficio di CAGLIARI,VNDLND68L28B354E
Ufficio di CAGLIARI,VNDSNT84C10B354J
Ufficio di CAGLIARI,VNDBLD85M17B354Q
Ufficio di CAGLIARI,BRRSVG94B28B354X
Ufficio di CAGLIARI,VNDRND88L23B354C
Ufficio di CAGLIARI,VNDRSN88E07B354R
Ufficio di CAGLIARI,CVLLBT69P22B354M
Ufficio di CAGLIARI,CVLCST71T30B354R
Ufficio di CAGLIARI,RMPSVS69A04B354V
Ufficio di VIBO VALENTIA,LTMBRM67S01F537E
Ufficio di VIBO VALENTIA,MRZLVC76T31F537D
Fabbrica di VIBO VALENTIA,LTMLDA68C26F537M
Fabbrica di VIBO VALENTIA,LTMLNS67S13F537O
Fabbrica di VIBO VALENTIA,LTMMRT65M27F537T
Fabbrica di VIBO VALENTIA,MRZMRN76S15F537W
Fabbrica di VIBO VALENTIA,MRZPCR76T12F537U
Ospedale di PAVIA,PRMMLN68D24G388S
Ospedale di PAVIA,PRMCML65S14G388V
Azienda di PAVIA,PRMGZN66P17G388G
Azienda di PAVIA,PRMMSC93C04G388M
Azienda di CARBONIA,MSTPRZ85A10B745E
Azienda di CARBONIA,MSTRMR86E13B745X
Ospedale di ROVIGO,BRSLVC84C22H620I
Ospedale di ROVIGO,CLNRNN60P10H620B
Ospedale di ROVIGO,CLNRKE61R17H620W
Ospedale di ROVIGO,CLNDLE67T12H620K
Ospedale di ROVIGO,CLNVND66C15H620P
Ospedale di ROVIGO,CTTMDA88L24H620U
Ospedale di ROVIGO,CTTDVG88D24H620X
Ospedale di ROVIGO,PZZVTI80H12H620F
Ospedale di ROVIGO,PZZFMN79H19H620V
Ospedale di ROVIGO,MCCTVN86L14H620B
Ufficio di PAVIA,PRMDLU89M21G388X
Ufficio di PAVIA,GRSGBB66C25G388C
Ospedale di GROSSETO,PLDMCL61P02E202J
Ospedale di GROSSETO,PLDLTR60P15E202F
Ospedale di GROSSETO,FRSSNT79T10E202Z
Ospedale di GROSSETO,FRSTLI79L01E202N
Ospedale di GROSSETO,PTTVVN80L02E202S
Ospedale di GROSSETO,DNDRMN81L05E202W
Ospedale di GROSSETO,DNDFTN82S06E202R
Ospedale di GROSSETO,NTMFLV81M13E202R
Ospedale di BIELLA,BTTTNA62M15A859K
Ospedale di BIELLA,DCEGBB79L15A859K
Ospedale di BIELLA,DCESLM83P11A859T
Ospedale di BIELLA,DCEGNZ80A26A859V
Ospedale di BIELLA,LDARNN05M10A859Z
Ospedale di BIELLA,MDCGVF73S05A859H
Ospedale di BIELLA,MDCVCN69E02A859S
Ospedale di BIELLA,MDCDVD68T23A859D
Ospedale di BIELLA,MDCLDI69R25A859O
Ospedale di BIELLA,MDCCLL69T26A859N
Ospedale di BIELLA,MDCRST72L02A859R
Ospedale di BIELLA,MDCLND77P16A859S
Ospedale di BIELLA,MDCNVE73T23A859L
Ospedale di BIELLA,MDCNBL76T14A859M
Ospedale di BIELLA,MDCSRN74S25A859C
Ospedale di BIELLA,NTNGND05R20A859U
Ospedale di BIELLA,MCCTRS95E20A859X
Ospedale di BIELLA,MCCCSG93T06A859N
Ospedale di BIELLA,MRZTLL94B22A859N
Ospedale di BIELLA,MCCGRL96M31A859N
Ospedale di BIELLA,GRRSNO83L11A859I
Ospedale di BIELLA,GRRPNI83A12A859B
Ospedale di BIELLA,GRRLNZ82H20A859A
Ospedale di BIELLA,TRNBND05C20A859E
Ospedale di BIELLA,RSALNR61B09A859B
Ospedale di BIELLA,RSAMRC82A04A859V
Ufficio di BIELLA,BTTGPP62P27A859L
Ufficio di BIELLA,DCERLA82T21A859R
Ufficio di BIELLA,MDCCRL70B15A859T
Ufficio di BIELLA,MDCLBN71D09A859L
Ufficio di BIELLA,MDCVNT70T16A859W
Ufficio di BIELLA,MDCMRM71C15A859K
Ufficio di BIELLA,MDCRKE70P19A859G
Ufficio di BIELLA,MDCGRD73C05A859W
Ufficio di BIELLA,MDCCRL72E10A859S
Ufficio di BIELLA,MDCTLL73E10A859G
Ufficio di BIELLA,MDCWTR77B01A859S
Ufficio di BIELLA,MDCMRA77S04A859G
Ufficio di BIELLA,NTNMNC99M14A859O
Ufficio di BIELLA,GRRVNT79H09A859B
Ufficio di BIELLA,TRNRCL05S24A859C
Ufficio di BIELLA,RSACTL61B25A859A
Ufficio di BIELLA,RSAVNT80T06A859Y
Ufficio di BIELLA,RSAGPR82D11A859X
Ufficio di BIELLA,RSATTR81B06A859B
Ufficio di BIELLA,RSAFST81L04A859L
Ufficio di BIELLA,RSACNL82E01A859F
Ufficio di BIELLA,RSACVN01P06A859N
Ufficio di BIELLA,RSALDR00B23A859N
Fabbrica di BIELLA,BTTGGR59E03A859Y
Fabbrica di BIELLA,DCEGRL82M12A859D
Fabbrica di BIELLA,DCEDLC80L30A859V
Fabbrica di BIELLA,DCEMLN79M09A859B
Fabbrica di BIELLA,DCELCN81P18A859F
Fabbrica di BIELLA,DCEMCL83B07A859A
Fabbrica di BIELLA,BTTTBO04L02A859V
Fabbrica di BIELLA,LMOTTR01E12A859J
Fabbrica di BIELLA,MDCMLE69S07A859O
Fabbrica di BIELLA,MDCCDD69C16A859Y
Fabbrica di BIELLA,MDCGST72E11A859H
Fabbrica di BIELLA,MDCDRO73L20A859T
Fabbrica di BIELLA,MDCMCR73E21A859G
Fabbrica di BIELLA,MDCRGR75A03A859U
Fabbrica di BIELLA,MDCNZR77T28A859B
Fabbrica di BIELLA,GRRCPI61P28A859I
Fabbrica di BIELLA,GRRFMN82S06A859N
Fabbrica di BIELLA,GRRFRC81R15A859M
Fabbrica di BIELLA,GRRDTR80T21A859Y
Fabbrica di BIELLA,RSADLM58S19A859Q
Fabbrica di BIELLA,RSADLA81M09A859I
Fabbrica di BIELLA,RSASDR00B20A859O
Fabbrica di BIELLA,RSACML03A04A859N
Fabbrica di BIELLA,RSATDD06A30A859J
Fabbrica di FOGGIA,DLSTST61E17D643W
Fabbrica di FOGGIA,DLSMRN59E05D643G
Fabbrica di FOGGIA,DLSDLB59P03D643V
Fabbrica di FOGGIA,DLSFNZ60D20D643E
Fabbrica di FOGGIA,BTTVCN80P19D643P
Fabbrica di FOGGIA,BTTBGI82P25D643V
Fabbrica di FOGGIA,BTTCMB80S16D643A
Fabbrica di FOGGIA,BNZRSO79H04D643E
Fabbrica di FOGGIA,LDADLE06E10D643O
Ospedale di FOGGIA,DLSRFL60S15D643L
Ospedale di FOGGIA,LDAGFR85H08D643D
Ospedale di FOGGIA,LDASCN84L05D643J
Ospedale di FOGGIA,BTTGST81L05D643G
Ospedale di FOGGIA,BTTCLI81P10D643X
Ospedale di FOGGIA,BTTGLM83A20D643G
Ospedale di FOGGIA,BTTLTR80M23D643U
Ospedale di FOGGIA,BNZBGD83L05D643T
Ospedale di FOGGIA,BTTGST01P10D643C
Ufficio di FOGGIA,DLSGTN61D17D643D
Ufficio di FOGGIA,DLSPQN63H17D643Q
Ufficio di FOGGIA,LDALNZ85P06D643F
Ufficio di FOGGIA,LDARCC87L12D643T
Ufficio di FOGGIA,LDATTI83T06D643Z
Ufficio di FOGGIA,BTTFLV83C18D643J
Ufficio di FOGGIA,BTTCDD80E07D643P
Ufficio di FOGGIA,BTTSVT81H07D643H
Ufficio di FOGGIA,LMORSO02P17D643T
Ufficio di FOGGIA,LMORNN02H17D643O
Azienda di FOGGIA,DLSSCN62E17D643J
Azienda di FOGGIA,LDALGO87H18D643K
Azienda di FOGGIA,LDAPNI84S03D643S
Azienda di FOGGIA,BNZPQL82T28D643X
Azienda di FOGGIA,LDALEO05T20D643Q
Azienda di FOGGIA,LDAVGN05H17D643X
Ospedale di TARANTO,SCVNZE63C14L049E
Azienda di TARANTO,SCVMCL59M20L049C
Ospedale di BARLETTA,BGTFRZ72A07A669H
Ospedale di BARLETTA,CRCRGR75D25A669G
Ospedale di BARLETTA,CRCGFR98H09A669Q
Ospedale di BARLETTA,VGNCRI62E24A669D
Ospedale di BARLETTA,VGNCNN62R22A669P
Ospedale di BARLETTA,VGNBNC61H24A669P
Ospedale di BARLETTA,VGNMRA61B25A669Z
Ospedale di BARLETTA,VGNCST80D15A669V
Ospedale di BARLETTA,VGNMRA81S24A669L
Ospedale di BARLETTA,GVRLSN79R24A669L
Ospedale di BARLETTA,GVRSVR80L19A669U
Ospedale di BARLETTA,GVRLNS81T11A669O
Ospedale di BARLETTA,GVRDNC83A13A669M
Ospedale di CREMONA,PRCMLN63E16D150C
Ospedale di CREMONA,PRCMTN62M21D150G
Ospedale di CREMONA,PRCCNN59A08D150H
Ospedale di CREMONA,DLSRNO80M23D150G
Ospedale di CREMONA,LMONDA04A19D150G
Ospedale di CREMONA,MSCMRN69E01D150M
Ospedale di CREMONA,MSCDAA69C08D150Y
Ospedale di CREMONA,MSNVNZ72M16D150C
Ospedale di CREMONA,MSNCPI73M29D150J
Ospedale di CREMONA,MCLVLR74P29D150S
Ospedale di CREMONA,MCLSLV02M20D150W
Ospedale di CREMONA,MCLGLI96S11D150N
Ospedale di CREMONA,MCLMRO94E25D150M
Fabbrica di CREMONA,PRCZTI62E13D150L
Fabbrica di CREMONA,PRCGNS61L27D150N
Fabbrica di CREMONA,PRCNRO62M28D150V
Fabbrica di CREMONA,LDALLL88B23D150B
Fabbrica di CREMONA,LDARSR87H17D150U
Fabbrica di CREMONA,BTTRMN78T07D150Q
Fabbrica di CREMONA,DLSFDR80A07D150B
Fabbrica di CREMONA,DLSRNT79P09D150P
Fabbrica di CREMONA,DLSBBR80M03D150X
Fabbrica di CREMONA,BTTZEI99H01D150B
Fabbrica di CREMONA,RBRLCU90E30D150S
Fabbrica di CREMONA,MSNFCT70T15D150J
Fabbrica di CREMONA,MSNGST91T19D150E
Fabbrica di CREMONA,MCLLFA77H25D150J
Fabbrica di CREMONA,MCLFLV76C23D150W
Fabbrica di CREMONA,MCLMTT74H16D150C
Fabbrica di CREMONA,MCLCMB99C16D150B
Fabbrica di CREMONA,MCLZTI93S16D150C
Ufficio di CROTONE,FRSMRN62S17D122C
Ufficio di CROTONE,FRSTLD63L08D122P
Ufficio di CROTONE,FRSMRA61B05D122X
Ufficio di CROTONE,VZZCSG82M26D122O
Ufficio di CROTONE,LMOTBO00R29D122Y
Ufficio di CROTONE,DLFDNI69D03D122G
Ufficio di CROTONE,DLFMGH72S15D122Q
Ufficio di CROTONE,DLFMDA70M19D122N
Ufficio di CROTONE,DLFGGN88T03D122T
Ufficio di CROTONE,CRNGRZ70A21D122H
Ospedale di REGGIO DI CALABRIA,DCESFN59D03H224R
Ospedale di REGGIO DI CALABRIA,DCECLS59P05H224Z
Ospedale di REGGIO DI CALABRIA,DCECST61B14H224W
Ospedale di REGGIO DI CALABRIA,DCEPRI61A16H224B
Ospedale di REGGIO DI CALABRIA,BTTRNI82C08H224Q
Ospedale di REGGIO DI CALABRIA,SCVZRA80H29H224J
Ospedale di REGGIO DI CALABRIA,SCVRFL79R09H224N
Ospedale di REGGIO DI CALABRIA,SCVSND81P15H224V
Ospedale di REGGIO DI CALABRIA,SCVYLO81R10H224P
Ospedale di REGGIO DI CALABRIA,LMODRD81E19H224L
Ospedale di REGGIO DI CALABRIA,LMONSC83H04H224V
Ospedale di REGGIO DI CALABRIA,LMOMDL80L31H224C
Ospedale di REGGIO DI CALABRIA,LMOTDD83E27H224Z
Ospedale di REGGIO DI CALABRIA,LMOMNC05A06H224C
Ufficio di REGGIO DI CALABRIA,DCELRI61C12H224R
Ufficio di REGGIO DI CALABRIA,BTTRLB80L21H224Z
Ufficio di REGGIO DI CALABRIA,LMOTZN78S14H224W
Ufficio di REGGIO DI CALABRIA,LMOVGL80D17H224L
Ufficio di REGGIO DI CALABRIA,LMOLLE79C20H224Z
Ufficio di REGGIO DI CALABRIA,LMOMNO79C15H224L
Ufficio di REGGIO DI CALABRIA,FRSMRC06S08H224V
Ufficio di REGGIO DI CALABRIA,LMOCML06A30H224P
Ufficio di REGGIO DI CALABRIA,STTMHL96M13H224F
Fabbrica di REGGIO DI CALABRIA,DCENLN59H25H224V
Fabbrica di REGGIO DI CALABRIA,DCELSI62S13H224F
Fabbrica di REGGIO DI CALABRIA,BTTDNL82B22H224O
Fabbrica di REGGIO DI CALABRIA,BTTRNN83C10H224F
Fabbrica di REGGIO DI CALABRIA,BTTLSI83A20H224J
Fabbrica di REGGIO DI CALABRIA,LMODNT80L20H224O
Fabbrica di REGGIO DI CALABRIA,LMORND80S18H224L
Fabbrica di REGGIO DI CALABRIA,LMOFST83S05H224D
Fabbrica di REGGIO DI CALABRIA,LDACHR03P11H224X
Fabbrica di REGGIO DI CALABRIA,DCECNZ99A13H224X
Fabbrica di REGGIO DI CALABRIA,STTFRZ94C16H224W
Azienda di REGGIO DI CALABRIA,DCEPSQ59A12H224J
Azienda di REGGIO DI CALABRIA,DCELSU61T21H224M
Azienda di REGGIO DI CALABRIA,SCVVTI80B15H224T
Azienda di REGGIO DI CALABRIA,SCVVND82B14H224S
Azienda di REGGIO DI CALABRIA,SCVCST81T07H224B
Azienda di REGGIO DI CALABRIA,LMOMBR83R29H224C
Azienda di REGGIO DI CALABRIA,LDACLS06B22H224R
Azienda di REGGIO DI CALABRIA,FRSBRN00R08H224L
Azienda di REGGIO DI CALABRIA,BNZRCR06A08H224V
Azienda di REGGIO DI CALABRIA,BNZTZN03D27H224O
Azienda di REGGIO DI CALABRIA,MRCLNZ73M29H224Y
Azienda di REGGIO DI CALABRIA,STTBDT96A31H224W
Fabbrica di MASSA,LMOSLV60T14F023U
Fabbrica di MASSA,CRLNBR77E04F023J
Fabbrica di MASSA,CRLCLN78B26F023Y
Ufficio di MASSA,LMOCRL60R17F023A
Ufficio di MASSA,CRLPLG76C15F023E
Ufficio di MASSA,CRLNDA75E07F023F
Ufficio di MASSA,CRLLLL78D18F023P
Ufficio di MASSA,CRLPLT95B15F023P
Ospedale di AREZZO,MCCDNT60E05A390R
Ospedale di AREZZO,BTTPRL79M05A390L
Ospedale di AREZZO,BTTLLL83A16A390L
Ospedale di AREZZO,BTTTLL82B07A390S
Ospedale di AREZZO,CSSCLD73D09A390F
Fabbrica di AREZZO,MCCTZN61R25A390G
Fabbrica di AREZZO,MCCTTR62B12A390L
Fabbrica di AREZZO,CSSPNI73S07A390O
Fabbrica di AREZZO,CSSVDN69S17A390R
Fabbrica di AREZZO,CSSFCN68T04A390R
Fabbrica di AREZZO,CSSVTR73E28A390Y
Ufficio di AREZZO,MCCSVG61S09A390V
Ufficio di AREZZO,MCCDLA63R04A390G
Ufficio di AREZZO,MCCSTN63E11A390L
Ufficio di AREZZO,BTTGDE79L26A390K
Ufficio di AREZZO,BTTBNC83P08A390N
Ufficio di AREZZO,DCEDLE80S20A390C
Ufficio di AREZZO,DLSMNI03L27A390K
Ufficio di AREZZO,CSSCNL69P20A390L
Azienda di AREZZO,MCCDNT61H07A390E
Azienda di AREZZO,MCCCLD62C14A390F
Azienda di AREZZO,BTTNEE80A08A390L
Azienda di AREZZO,DCENSC80T13A390Z
Azienda di AREZZO,DCEFTM04A13A390C
Azienda di AREZZO,CSSCLD69R22A390W
Ufficio di CREMONA,BTTCLN81T16D150H
Ufficio di CREMONA,DLSYNN79P20D150Y
Ufficio di CREMONA,DLSTLD81A12D150O
Ufficio di CREMONA,LMOLRD05L05D150D
Ufficio di CREMONA,MSNSLN69L23D150H
Ufficio di CREMONA,MSNCTL71S01D150S
Ufficio di CREMONA,MSNDRT69A29D150N
Ufficio di CREMONA,MCLMMM76E28D150Y
Ufficio di CREMONA,MCLLCL77B17D150Y
Ufficio di CREMONA,MCLGNN02R30D150J
Ufficio di CREMONA,MCLDTR00C27D150O
Fabbrica di CROTONE,VZZZTI80D05D122Y
Fabbrica di CROTONE,VZZPPN80L23D122B
Ufficio di GROSSETO,FRSMDA80S07E202T
Ufficio di GROSSETO,FRSGDI80D08E202S
Ufficio di GROSSETO,FRSDLN82S24E202Q
Ufficio di GROSSETO,FRSGGR82A13E202U
Ufficio di GROSSETO,SSOVLR59L13E202B
Ufficio di GROSSETO,SSOMRG59B11E202A
Ufficio di GROSSETO,SSOGRT58T04E202C
Ufficio di GROSSETO,PTTGRZ82P28E202E
Ufficio di GROSSETO,NTMRSN80C10E202J
Ufficio di GROSSETO,NTMFMN80S27E202B
Azienda di GROSSETO,FRSRME83D05E202H
Azienda di GROSSETO,FRSPCR81A13E202S
Azienda di GROSSETO,FRSPPP82E17E202H
Azienda di GROSSETO,FRSRRT01A11E202A
Azienda di GROSSETO,SSODLD61M15E202J
Azienda di GROSSETO,SSOVDN61D20E202S
Azienda di GROSSETO,SSOMRA60S13E202G
Azienda di GROSSETO,DNDVGN78T28E202U
Azienda di GROSSETO,NTMGDE81H16E202L
Azienda di GROSSETO,DNDCLS99D02E202D
Fabbrica di GROSSETO,FRSDLE80A07E202A
Fabbrica di GROSSETO,FRSLNZ83H21E202X
Fabbrica di GROSSETO,SSOGST62S02E202W
Fabbrica di GROSSETO,SSOLRD61R01E202X
Fabbrica di GROSSETO,SSOVTT61L06E202O
Fabbrica di GROSSETO,PTTGTN80C30E202H
Fabbrica di GROSSETO,PTTMLN81H23E202V
Fabbrica di GROSSETO,DNDGTR82A08E202P
Fabbrica di GROSSETO,DNDMHL05C27E202H
Azienda di BIELLA,DCEPLL82C07A859G
Azienda di BIELLA,DCEDLZ80S23A859F
Azienda di BIELLA,DCEMIA80B28A859E
Azienda di BIELLA,DCESVG83B08A859I
Azienda di BIELLA,LDAMRO06C09A859Q
Azienda di BIELLA,MDCTZN70R10A859X
Azienda di BIELLA,MDCSML69M21A859G
Azienda di BIELLA,MDCCDD69C22A859P
Azienda di BIELLA,MDCNZR72R14A859F
Azienda di BIELLA,NTNMRA99E26A859Y
Azienda di BIELLA,NTNRMI99S08A859A
Azienda di BIELLA,MDCFMN97H19A859S
Azienda di BIELLA,RSASST60C29A859I
Azienda di BIELLA,RSACVN59T28A859Y
Azienda di BIELLA,RSAPLG79D13A859I
Azienda di BIELLA,RSAGNT02C01A859V
Azienda di CREMONA,BTTMRA01M24D150P
Azienda di CREMONA,MSCFNC70R15D150M
Azienda di CREMONA,MSCMRZ71A18D150E
Azienda di CREMONA,MSNPLT70S20D150F
Azienda di CREMONA,MSNCCL73L24D150O
Azienda di CREMONA,MSNMNL73D13D150N
Azienda di CREMONA,MCLRLB77T29D150M
Azienda di CREMONA,MCLGLL76B17D150R
Azienda di CREMONA,MCLTCR76A12D150A
Azienda di CREMONA,MCLSMN93S29D150L
Azienda di CREMONA,MCLCTN97L28D150L
Ospedale di FERRARA,MRFLDI60A18D548T
Ospedale di FERRARA,MRFGRZ59T05D548T
Ufficio di FERRARA,MRFSNT60A02D548J
Ufficio di FERRARA,RGZMMM79S17D548S
Ufficio di FERRARA,NVNLNZ99C09D548E
Ufficio di FERRARA,NVNFLC99C17D548I
Fabbrica di FERRARA,MRFFDN62C17D548W
Fabbrica di FERRARA,RGZCNZ82C22D548A
Fabbrica di FERRARA,RGZNZE79A09D548I
Ufficio di BERGAMO,LVRGTN59B14A794D
Ufficio di BERGAMO,GRDLGU73M04A794L
Ufficio di BERGAMO,MRMCLL62L06A794L
Ufficio di BERGAMO,MRMGTN60D15A794B
Ufficio di BERGAMO,BRRGST83R20A794A
Ufficio di BERGAMO,BRSGNI81B12A794U
Ufficio di BERGAMO,BRRPSC04B24A794B
Azienda di UDINE,RMGLRC65M07L483Q
Azienda di UDINE,RMGLSN66R01L483F
Azienda di UDINE,RMGMRZ66D02L483S
Azienda di UDINE,RMGBBR65A22L483M
Azienda di UDINE,CLLSNO87L17L483Z
Azienda di UDINE,CLLVRN88E22L483K
Azienda di UDINE,CLLLVS84M15L483T
Azienda di UDINE,CLLFST87D12L483A
Azienda di UDINE,GVGGLL84L18L483Y
Fabbrica di UDINE,RMGSRN63S22L483Q
Fabbrica di UDINE,RMGSLN65M20L483Q
Fabbrica di UDINE,RMGLDN64P19L483P
Fabbrica di UDINE,CLLDRO87M13L483C
Fabbrica di UDINE,CLLCLL87A05L483I
Fabbrica di UDINE,PLMRST87P24L483Z
Fabbrica di UDINE,PLMPRZ85E03L483Z
Fabbrica di UDINE,MLNMRC69E12L483P
Fabbrica di UDINE,MLNLND72R28L483K
Fabbrica di UDINE,MLNGST71A13L483S
Ufficio di UDINE,RMGFST66B18L483R
Ufficio di UDINE,CLLMLN84T14L483B
Ufficio di UDINE,PLMGRT88A19L483U
Ufficio di UDINE,MLNRNR93B17L483Y
Ospedale di UDINE,RMGGNS67T04L483D
Ospedale di UDINE,CLLLNE85A15L483Z
Ospedale di UDINE,CLLVTR85M22L483A
Ospedale di UDINE,CLLSLV88L15L483N
Ospedale di UDINE,CLLDLL84H11L483K
Ospedale di UDINE,CLLNBR84E13L483V
Ospedale di UDINE,PLMCLD03M20L483X
Ospedale di UDINE,PLMRND05S06L483K
Ospedale di UDINE,MLNGCM73D16L483U
Ospedale di UDINE,MLNFDR69L18L483F
Ospedale di NOVARA,VNDLNU74C28F952I
Ospedale di NOVARA,RGZSND78E07F952J
Ospedale di NOVARA,LMUSRA63B18F952C
Ospedale di NOVARA,DRCLLL80E05F952C
Ospedale di NOVARA,TLOLSU80R31F952P
Ospedale di NOVARA,TLOFRZ82P24F952P
Ospedale di NOVARA,TLOCDD77M25F952L
Ospedale di NOVARA,TLOMDA00A26F952G
Ufficio di CHIETI,GVGGIA76C28C632U
Ufficio di CHIETI,GVGCST78R15C632A
Ufficio di CHIETI,NVNSLN77R03C632E
Ufficio di CHIETI,NVNLVN97M20C632N
Azienda di CHIETI,GVGVEA77A17C632T
Azienda di CHIETI,NVNMLL96M03C632J
Fabbrica di CHIETI,GVGDRO75B08C632M
Fabbrica di CHIETI,GVGRNN76R20C632E
Fabbrica di CHIETI,NVNCML75P13C632U
Fabbrica di CHIETI,NVNNMO76R13C632O
Fabbrica di CHIETI,RZZBNC97S20C632R
Fabbrica di CHIETI,RZZGGN94M20C632F
Ospedale di CAMPOBASSO,TRLCML76T23B519S
Ospedale di CAMPOBASSO,RZZMME77B15B519I
Ospedale di CAMPOBASSO,RZZLCL76C03B519Y
Ospedale di CAMPOBASSO,RZZNLT76E07B519V
Ospedale di CAMPOBASSO,RZZFLC76R18B519Y
Ospedale di CAMPOBASSO,NVNRSN78R09B519L
Ospedale di CAMPOBASSO,NVNRBN77L11B519A
Ospedale di CAMPOBASSO,NVNGST73T31B519P
Ospedale di CAMPOBASSO,NVNVNT77S19B519H
Ospedale di CAMPOBASSO,TRLZTI94S07B519Q
Ufficio di CAMPOBASSO,RZZGNR75T10B519R
Ufficio di CAMPOBASSO,NVNPLP77A26B519R
Ufficio di CAMPOBASSO,NVNPRM77S09B519H
Ufficio di CAMPOBASSO,NVNDLE78H26B519L
Ufficio di CAMPOBASSO,NVNLSN76C16B519V
Ufficio di CAMPOBASSO,NVNTLD77C27B519P
Azienda di CAMPOBASSO,RZZGDN74P17B519E
Azienda di CAMPOBASSO,RZZMTT73T28B519K
Azienda di CAMPOBASSO,RZZRLA74B11B519F
Azienda di CAMPOBASSO,CLLDRA05S17B519Z
Azienda di CAMPOBASSO,CLLRGN06D29B519I
Azienda di CAMPOBASSO,TRLQMD94C21B519K
Azienda di CAMPOBASSO,RCTDLZ05R17B519U
Fabbrica di CAMPOBASSO,NVNBGI75R07B519M
Fabbrica di CAMPOBASSO,VNDMNL94L20B519L
Fabbrica di CAMPOBASSO,TRLMLD97T31B519F
Fabbrica di VERBANO,PLMCST75S03D223T
Fabbrica di VERBANO,LDGNNI73R23D223N
Fabbrica di VERBANO,LDGGLD72E22D223J
Ufficio di VERBANO,PLMMRL77L08D223X
Ufficio di VERBANO,PLMNNI77B24D223V
Ufficio di VERBANO,LDGSDR73M28D223K
Ufficio di VERBANO,LDGNRC70D02D223N
Azienda di VERBANO,PLMGIO78R03D223Y
Ospedale di ANCONA,NVNMHL76C13A271T
Ospedale di ANCONA,NVNCHR74C28A271A
Ospedale di ANCONA,NVNRSL94D01A271P
Fabbrica di ANCONA,NVNCRN74D16A271K
Fabbrica di ANCONA,NVNCTL75B11A271T
Fabbrica di ANCONA,NVNGTR96C18A271G
Fabbrica di ANCONA,RGZFST96D06A271E
Ufficio di NOVARA,RGZGMN78D08F952F
Ufficio di NOVARA,RGZMNL74E28F952L
Ufficio di NOVARA,LMURBN63E04F952E
Ufficio di NOVARA,DRCRTD80R08F952P
Ufficio di NOVARA,DRCGTN83S05F952P
Ufficio di NOVARA,DRCCTN83H06F952S
Ufficio di NOVARA,DRCGPP81T01F952T
Ufficio di NOVARA,DRCGDI80M16F952J
Ufficio di NOVARA,DRCFDN00T20F952E
Ufficio di NOVARA,TLOGNS83B10F952K
Ufficio di NOVARA,TLOGLI03E19F952V
Ufficio di NOVARA,TLOCML06H17F952P
Ospedale di CHIETI,RZZTTR97A11C632F
Ospedale di PERUGIA,PTTMRN59P16G478V
Ospedale di PERUGIA,PTTRMR63L28G478Q
Ospedale di PERUGIA,PTTLLD61M16G478P
Ospedale di PERUGIA,PTTLLL61B01G478P
Ospedale di PERUGIA,PTTBNL62A21G478Z
Ospedale di PERUGIA,PZZRGN62L08G478V
Ospedale di PERUGIA,PZZMLT63E25G478N
Ospedale di PERUGIA,CLNMRA86M26G478B
Azienda di PERUGIA,PTTDNC62R12G478D
Azienda di PERUGIA,DRCLBN83M31G478H
Azienda di PERUGIA,DRCTNZ80D10G478G
Azienda di PERUGIA,PZZCRN59E19G478M
Azienda di PERUGIA,NTNFCN01P03G478F
Fabbrica di PERUGIA,PTTTMS63M04G478V
Fabbrica di PERUGIA,PTTLRZ63E05G478F
Fabbrica di PERUGIA,PTTCLD63A17G478T
Fabbrica di PERUGIA,DRCFBN80D27G478D
Fabbrica di PERUGIA,DRCLND82P05G478L
Fabbrica di PERUGIA,SCFLBA62M11G478L
Fabbrica di PERUGIA,PZZRNN60C04G478P
Fabbrica di PERUGIA,PZZPMR62A09G478Z
Fabbrica di LECCE,DNDGST62B21E506L
Ufficio di CASERTA,CSCNBL60M19B963M
Ufficio di CASERTA,CSCMSM60A10B963N
Ufficio di CASERTA,SSOSRN79S01B963X
Ufficio di CASERTA,SSOMTN82D07B963E
Ufficio di CASERTA,SSOMLT79H25B963N
Ufficio di CASERTA,FRLGTN84D02B963H
Ufficio di CASERTA,NTMRBN80S28B963S
Ufficio di CASERTA,NTMRNN81L01B963K
Ufficio di CASERTA,NTMGCH80B29B963W
Ufficio di CASERTA,DRCLNZ79M05B963V
Ufficio di CASERTA,DRCPLA83D07B963Z
Ufficio di CASERTA,GRSMSM87B23B963U
Ufficio di CASERTA,GRSMRZ88C12B963G
Ufficio di CASERTA,NTMDLL99T05B963L
Ufficio di CASERTA,DRCSLN99S19B963H
Ospedale di CASERTA,CSCDLA60P13B963S
Ospedale di CASERTA,CSCDRN61D09B963B
Ospedale di CASERTA,CSCSLL63M05B963P
Ospedale di CASERTA,CSCTLI61C15B963Z
Ospedale di CASERTA,CSCCTL63A27B963Y
Ospedale di CASERTA,SSOMRA80C08B963J
Ospedale di CASERTA,FRLGIO86D29B963H
Ospedale di CASERTA,NTMGNN80D13B963J
Ospedale di CASERTA,NTMPRL81D08B963Q
Ospedale di CASERTA,NTMCST79D04B963L
Ospedale di CASERTA,NTMCST80M11B963H
Ospedale di CASERTA,DRCMRG81H17B963P
Ospedale di CASERTA,GRSSFN88A31B963Y
Ospedale di CASERTA,DRCGLL01D30B963U
Ospedale di CASERTA,SSORST02E16B963W
Ospedale di CASERTA,SSOBRN01P02B963E
Ospedale di CASERTA,SSOGRT99D17B963I
Ospedale di CASERTA,FRLSST04M12B963R
Azienda di CASERTA,CSCGRT63L03B963V
Azienda di CASERTA,CSCPRI59P26B963G
Azienda di CASERTA,SSOCRI80L25B963C
Azienda di CASERTA,FRLMRA85H12B963G
Azienda di CASERTA,NTMRMN83H22B963E
Azienda di CASERTA,NTMGAI81E11B963H
Azienda di CASERTA,DRCFNC83R22B963Y
Azienda di CASERTA,GRSSND87L18B963O
Azienda di CASERTA,GRSMDA84A11B963T
Fabbrica di BRINDISI,FRLMRM65S17B180W
Fabbrica di BRINDISI,FRLCRI64D21B180M
Fabbrica di BRINDISI,VDPPLA92M04B180R
Fabbrica di BRINDISI,NTMSST70C19B180E
Fabbrica di BRINDISI,NTMMND69S03B180P
Fabbrica di BRINDISI,NTMDLM97C11B180Q
Azienda di CALTANISSETTA,NTMDLE61M31B429I
Azienda di CALTANISSETTA,NTMSFO63A17B429Q
Azienda di CALTANISSETTA,NTMSVR59D11B429J
Azienda di CALTANISSETTA,NTMLSS61H08B429B
Azienda di CALTANISSETTA,SSOGTN83S06B429A
Azienda di CALTANISSETTA,VNTGNN81E12B429O
Azienda di CALTANISSETTA,CTTGTR78R06B429A
Azienda di CALTANISSETTA,CTTMRC75T01B429Z
Azienda di CALTANISSETTA,CTTLDA69H23B429J
Azienda di CALTANISSETTA,CTTDVD72M23B429D
Azienda di CALTANISSETTA,CTTNRN70S19B429A
Azienda di CALTANISSETTA,CTTMRT70D27B429X
Azienda di CALTANISSETTA,CTTGVF00D11B429X
Ufficio di CALTANISSETTA,NTMTCR61H16B429Y
Ufficio di CALTANISSETTA,NTMCLL61C07B429P
Ufficio di CALTANISSETTA,NTMGPP63A15B429R
Ufficio di CALTANISSETTA,NTMRSR61L26B429R
Ufficio di CALTANISSETTA,VNTNGL81R22B429O
Ufficio di CALTANISSETTA,DRCCDD80D11B429X
Ufficio di CALTANISSETTA,CTTLDN69R17B429W
Ufficio di CALTANISSETTA,CTTLLN70P26B429G
Ufficio di CALTANISSETTA,CTTTDD73C29B429S
Ufficio di CALTANISSETTA,CTTMRO77D26B429X
Ufficio di CALTANISSETTA,CTTFPP74P02B429T
Ufficio di CALTANISSETTA,CTTDLL78H14B429L
Ufficio di CALTANISSETTA,CTTTMR76H27B429C
Ufficio di CALTANISSETTA,CTTBNR71M28B429K
Ufficio di CALTANISSETTA,CTTFNZ97B09B429O
Fabbrica di BARI,VNTLSN61A02A662R
Fabbrica di BARI,VNTRLB60M10A662Q
Fabbrica di BARI,VNTDTR59B07A662G
Fabbrica di BARI,PTTNLT79B18A662O
Fabbrica di BARI,DRCVNT79D25A662H
Ospedale di BARI,VNTGNR62E16A662S
Ospedale di BARI,VNTCLD62H15A662Q
Ospedale di BARI,PTTSVN83A17A662O
Ospedale di BARI,PTTBNT81D13A662H
Ospedale di BARI,PTTRLN81T12A662G
Ospedale di BARI,PTTRSL80C24A662H
Ospedale di BARI,SSOLVS82E11A662H
Ufficio di BARI,VNTGRG61M27A662G
Ufficio di BARI,PTTPIA79H06A662Y
Ufficio di BARI,SSOVNA83A01A662B
Ufficio di BARI,SSOMRT82R10A662H
Azienda di BARI,VNTMRA61L27A662S
Azienda di BARI,VNTDTL62E24A662Y
Azienda di BARI,VNTNNE62S07A662Q
Azienda di BARI,PTTRNN82M03A662C
Azienda di BARI,SSOSNT79E21A662F
Azienda di BARI,SSOCAI00E13A662S
Azienda di BARI,SSONLT01E06A662Z
Ufficio di CATANIA,DRCCST59T25C351X
Ufficio di CATANIA,DRCPRI62D06C351J
Ufficio di CATANIA,DRCVCN62S27C351A
Ufficio di CATANIA,PTTNDR82S11C351R
Ufficio di CATANIA,PTTQMD81T01C351R
Ufficio di CATANIA,PTTLCA99R21C351C
Ufficio di CATANIA,PTTDNL99M24C351N
Fabbrica di CATANIA,DRCRCC59M22C351K
Fabbrica di CATANIA,DRCGLM59B27C351C
Fabbrica di CATANIA,PTTMRG82A20C351X
Fabbrica di CATANIA,PTTMRA82P19C351M
Fabbrica di CATANIA,VNTDLM81B16C351C
Fabbrica di CATANIA,PTTVLM01C09C351L
Fabbrica di CATANIA,PTTFLV99D14C351X
Fabbrica di CATANIA,PTTLVI99S08C351K
Fabbrica di CATANIA,MNSMIA81T23C351B
Fabbrica di CATANIA,BSCVTR72L16C351Y
Fabbrica di CATANIA,BRSFMN97S17C351H
Ospedale di CATANIA,DRCCMN61C01C351T
Ospedale di CATANIA,DRCVNZ60B29C351R
Ospedale di CATANIA,DRCSDR62E07C351Y
Ospedale di CATANIA,PTTNLT00R08C351K
Ospedale di CATANIA,VNTMCR03A07C351D
Ospedale di CATANIA,PTTMSM00D03C351X
Ospedale di CATANIA,PTTTDD01S13C351X
Ospedale di CATANIA,BSCTNO70C31C351L
Ospedale di CATANIA,BSCCLO71H07C351F
Azienda di CATANIA,DRCPQN63E11C351B
Azienda di CATANIA,PTTGDU82E28C351E
Azienda di CATANIA,PTTFRZ79T21C351A
Azienda di CATANIA,PTTMRN82H21C351T
Azienda di CATANIA,VNTVLR83E31C351X
Azienda di CATANIA,LDNVNI93D15C351F
Azienda di CATANIA,PTTSVT99L25C351Q
Azienda di CATANIA,BSCPLG70S22C351U
Azienda di CATANIA,BSCLNE72T24C351M
Azienda di CATANIA,BSCLVO71B11C351N
Fabbrica di LECCO,LDNSFO71M27E507F
Fabbrica di LECCO,LDNLMO70M07E507A
Fabbrica di LECCO,NTMRLF93E10E507W
Fabbrica di LECCO,MCCFNC70P22E507J
Fabbrica di LECCO,MCCGAI66B20E507U
Fabbrica di LECCO,MCCLBA64S17E507P
Fabbrica di LECCO,MCCNLN71E05E507Z
Fabbrica di LECCO,MCCMDA73C08E507S
Fabbrica di LECCO,MCCLPA66D24E507I
Fabbrica di LECCO,MCCLVO68B07E507E
Fabbrica di LECCO,MCCGAI65R27E507R
Fabbrica di LECCO,MCCGLI68C12E507H
Fabbrica di LECCO,MCCVTR66C05E507U
Fabbrica di LECCO,MCCBBR64C02E507C
Fabbrica di LECCO,MCCGBB64D06E507D
Fabbrica di LECCO,MCCLVI66R05E507A
Fabbrica di LECCO,MCCMRK77C21E507Q
Fabbrica di LECCO,MCCLSS76S08E507Y
Fabbrica di LECCO,MDCDCC90E19E507S
Fabbrica di LECCO,MDCLCN90M19E507U
Fabbrica di LECCO,MRZDAA96D04E507J
Fabbrica di LECCO,MRZMLT97T05E507A
Fabbrica di LECCO,MDCSLL96D23E507G
Fabbrica di LECCO,MDCMBR96T01E507A
Fabbrica di LECCO,FLRSST94T28E507T
Fabbrica di LECCO,MSCVLR70T19E507O
Fabbrica di LECCO,GRRRSR00E12E507G
Fabbrica di LECCO,LSCSFN96P07E507W
Fabbrica di LECCO,QRZLCI92S01E507J
Fabbrica di LECCO,QRZSLV89R27E507W
Ospedale di LECCO,LDNMLL73D13E507T
Ospedale di LECCO,NTMRNR93D22E507B
Ospedale di LECCO,MCCMCL68E30E507T
Ospedale di LECCO,MCCDNL66S05E507J
Ospedale di LECCO,MCCCRL64D12E507I
Ospedale di LECCO,MCCMRA67M13E507X
Ospedale di LECCO,MCCMRT67B21E507S
Ospedale di LECCO,MCCRRA77H06E507K
Ospedale di LECCO,MCCRRT74H08E507E
Ospedale di LECCO,MCCGSI74H09E507O
Ospedale di LECCO,MCCQMD77M09E507D
Ospedale di LECCO,DNGNNE98L07E507A
Ospedale di LECCO,MCCGLD91H22E507O
Ospedale di LECCO,MDCNLM95M06E507S
Ospedale di LECCO,MRZPIO93T18E507Q
Ospedale di LECCO,MSLDMN85B09E507X
Ospedale di LECCO,MSLCMB84T13E507K
Ospedale di LECCO,MDCNCL95A06E507B
Ospedale di LECCO,MSCCLS73L23E507C
Ospedale di LECCO,TRNRNL02D13E507V
Ospedale di LECCO,GRRMRK00A13E507K
Ospedale di LECCO,LSCVNA94P28E507V
Ospedale di LECCO,LSCGTN94H19E507C
Fabbrica di CASERTA,SSOLDR83A18B963Y
Fabbrica di CASERTA,SSOCCL82D04B963B
Fabbrica di CASERTA,SSOVVN82L10B963R
Fabbrica di CASERTA,FRLVGL84R31B963U
Fabbrica di CASERTA,FRLGTN87E18B963B
Fabbrica di CASERTA,NTMVTR83C28B963K
Fabbrica di CASERTA,NTMSNT81T26B963S
Fabbrica di CASERTA,NTMGRL83B16B963Z
Fabbrica di CASERTA,NTMLND78T29B963G
Fabbrica di CASERTA,NTMSRI79H15B963B
Fabbrica di CASERTA,DRCRMN80M24B963E
Fabbrica di CASERTA,DRCSML80T22B963V
Fabbrica di CASERTA,DRCMRO80S29B963W
Fabbrica di CASERTA,DRCNRN81D28B963Q
Fabbrica di CASERTA,GRSLIO84S28B963X
Fabbrica di CASERTA,GRSGPP86D26B963W
Ufficio di LECCO,NTMGLI89M17E507R
Ufficio di LECCO,MCCRGN72T12E507N
Ufficio di LECCO,MCCDLL70R02E507D
Ufficio di LECCO,MCCMNL72E27E507T
Ufficio di LECCO,MCCMLN69E04E507A
Ufficio di LECCO,MCCMRC71P08E507R
Ufficio di LECCO,MCCRNT67T28E507Q
Ufficio di LECCO,MCCFTN66S06E507J
Ufficio di LECCO,MCCNDR74R02E507A
Ufficio di LECCO,MCCLVN75M22E507K
Ufficio di LECCO,DNGCTN96D20E507F
Ufficio di LECCO,MSLRNN85E13E507J
Ufficio di LECCO,MDCVNZ97L17E507U
Ufficio di LECCO,MDCGBB97R19E507V
Ufficio di LECCO,MSCLSS70S10E507R
Ufficio di LECCO,MSCMRT73B08E507X
Ospedale di CALTANISSETTA,VNTNLT79R21B429M
Ospedale di CALTANISSETTA,VNTLSI83R30B429F
Ospedale di CALTANISSETTA,VNTZNE80T22B429D
Ospedale di CALTANISSETTA,CTTRSR69D10B429U
Ospedale di CALTANISSETTA,CTTNMO72M17B429P
Ospedale di CALTANISSETTA,CTTFLC73L08B429V
Ospedale di CALTANISSETTA,CTTRST02D27B429S
Ospedale di CALTANISSETTA,CTTCML02P01B429E
Fabbrica di CALTANISSETTA,VNTSLL81R19B429X
Fabbrica di CALTANISSETTA,VNTRCE82P21B429S
Fabbrica di CALTANISSETTA,CTTTRS70T29B429O
Fabbrica di CALTANISSETTA,CTTTST74E13B429D
Fabbrica di CALTANISSETTA,CTTLGU77B09B429G
Fabbrica di CALTANISSETTA,CTTLDN72L26B429M
Fabbrica di CALTANISSETTA,CTTPRD69P03B429B
Fabbrica di CALTANISSETTA,CTTVGN95A03B429Y
Fabbrica di CALTANISSETTA,CTTRNI95T05B429N
Ufficio di PERUGIA,DRCCLL81B01G478D
Ufficio di PERUGIA,DRCLRC01T12G478J
Ufficio di PERUGIA,DRCGBB01H20G478V
Ufficio di PERUGIA,PZZBNL58T23G478M
Ufficio di PERUGIA,NTNPIA01S05G478F
Ufficio di PERUGIA,CLNFRC85E22G478C
Ufficio di PERUGIA,CLNGLR86C02G478J
Ufficio di PERUGIA,LSCPCR75A02G478D
Azienda di NOVARA,DRCCCL81R16F952X
Azienda di NOVARA,TLOGST02M16F952Q
Azienda di BRESCIA,STTDLF76H12B157W
Azienda di BRESCIA,STTVRN77C26B157A
Azienda di BRESCIA,STTMSS78M20B157A
Azienda di BRESCIA,STTMRZ78C06B157C
Azienda di BRESCIA,STTBNL76S21B157H
Ufficio di BRESCIA,STTFDR78P28B157Q
Fabbrica di BARLETTA,CRNLDR71B27A669A
Fabbrica di BARLETTA,CRCFCT76L21A669X
Fabbrica di BARLETTA,CRCRRT78D06A669E
Fabbrica di BARLETTA,CRCCLL77B13A669O
Fabbrica di BARLETTA,CRCRZO97C20A669D
Fabbrica di BARLETTA,CRCTNZ99C02A669R
Fabbrica di BARLETTA,VGNSML61R30A669X
Fabbrica di BARLETTA,VGNLVC62M24A669R
Fabbrica di BARLETTA,VGNFDN62C04A669E
Fabbrica di BARLETTA,VGNQRN80H02A669A
Fabbrica di BARLETTA,VGNMRS99L19A669Q
Fabbrica di BARLETTA,GVRSLL00A19A669N
Fabbrica di BARLETTA,GVRPRZ00C20A669N
Azienda di BOLOGNA,CSLCCT71H27A944L
Azienda di BOLOGNA,CSLDFN73E21A944R
Azienda di BOLOGNA,CSLGLL69P12A944L
Azienda di BOLOGNA,DRNGMN91L05A944Y
Azienda di BOLOGNA,CVLVTR93B01A944K
Azienda di BOLOGNA,CTTLSN79S20A944T
Azienda di BOLOGNA,CTTFRZ81L25A944T
Azienda di BOLOGNA,CTTFNC99M18A944L
Ufficio di BOLOGNA,CSLLND70S04A944D
Ufficio di BOLOGNA,CSLNVE70A15A944Q
Ufficio di BOLOGNA,CSLLSS72E15A944O
Ufficio di BOLOGNA,CSLDRO73H21A944V
Ufficio di BOLOGNA,PVNFLV61R26A944T
Ufficio di BOLOGNA,CTTLCA79B16A944A
Ufficio di BOLOGNA,CTTGLM01R21A944C
Ufficio di BOLOGNA,CTTCTL02L27A944V
Ufficio di BOLOGNA,CTTRSR99T24A944R
Ufficio di BOLOGNA,CTTFMN99H18A944T
Ospedale di BOLOGNA,CSLCSG69C06A944V
Ospedale di BOLOGNA,CSLLCU73B21A944P
Ospedale di BOLOGNA,MGNNTN06B27A944O
Ospedale di BOLOGNA,CTTDNT81L12A944O
Ospedale di BOLOGNA,CTTLRD81T23A944H
Ospedale di BOLOGNA,CTTGND01P28A944X
Ospedale di BOLOGNA,CTTNVE01P26A944R
Ospedale di BOLOGNA,CTTSLN99T16A944L
Ospedale di BOLOGNA,CTTVNN99R24A944T
Ospedale di BOLOGNA,CTTMLL02R29A944D
Ospedale di BOLOGNA,CTTDAA01R23A944R
Fabbrica di BOLOGNA,CSLFLV69R30A944X
Fabbrica di BOLOGNA,DRNCLD89S25A944M
Fabbrica di BOLOGNA,CTTLFA79L05A944J
Fabbrica di BOLOGNA,CTTRZO99M17A944K
Fabbrica di BOLOGNA,CTTRND01A20A944O
Fabbrica di BOLOGNA,CTTTLL99S06A944H
Ospedale di BENEVENTO,DRNGRT72D05A783S
Ospedale di BENEVENTO,LTTPPP69E02A783K
Ospedale di BENEVENTO,LTTGLL93E23A783C
Ospedale di BENEVENTO,RTTFNC73A05A783E
Ospedale di BENEVENTO,RTTRZR70B26A783I
Ospedale di BENEVENTO,RTTFLV71L09A783Q
Ospedale di BENEVENTO,PLSLDN70D13A783R
Azienda di BENEVENTO,DRNVTR69E01A783F
Azienda di BENEVENTO,DRNSFN70C07A783D
Azienda di BENEVENTO,DRNFLV70H18A783E
Azienda di BENEVENTO,LTTCST73T18A783A
Azienda di BENEVENTO,LTTGVF72R25A783C
Azienda di BENEVENTO,LTTRCC73A21A783M
Azienda di BENEVENTO,LTTGDU73P23A783E
Azienda di BENEVENTO,RTTCTN70D12A783C
Azienda di BENEVENTO,PLSDLF70A18A783E
Azienda di BENEVENTO,PLSMRA68T31A783O
Azienda di BENEVENTO,RTTGRD93H21A783D
Azienda di BENEVENTO,RTTSVN94T19A783T
Fabbrica di BENEVENTO,DRNRMN71D04A783C
Fabbrica di BENEVENTO,DRNMRZ69R07A783O
Fabbrica di BENEVENTO,MGNMNC02R18A783L
Fabbrica di BENEVENTO,LTTLVS75R22A783P
Fabbrica di BENEVENTO,LTTTTO70D26A783B
Fabbrica di BENEVENTO,RTTTLL70D13A783J
Fabbrica di BENEVENTO,PLSRSN70H10A783G
Fabbrica di BENEVENTO,RTTCLR94D03A783F
Fabbrica di BENEVENTO,PLSCHR96A08A783L
Ufficio di BENEVENTO,DRNLRG70T02A783H
Ufficio di BENEVENTO,DRNGLN72B26A783F
Ufficio di BENEVENTO,LTTZEI70L25A783R
Ufficio di BENEVENTO,LTTGLL95L23A783Z
Ufficio di BENEVENTO,RTTSNT70T22A783M
Ufficio di PISTOIA,MRZTMR76S28G713R
Ufficio di PISTOIA,MRZBBR76R14G713S
Ufficio di PISTOIA,MRZRCC77D01G713O
Ufficio di PISTOIA,CVLSTN97D18G713F
Fabbrica di PISTOIA,MRZLSS78M12G713X
Fabbrica di PISTOIA,MRZVND76C31G713I
Fabbrica di PISTOIA,CVLMDA95L16G713W
Fabbrica di PISTOIA,VDPLRC96T23G713O
Azienda di PISTOIA,MRZMME78B17G713K
Azienda di PISTOIA,STTGLL95E28G713X
Azienda di PISTOIA,CVLNNI95P25G713Q
Ospedale di PISTOIA,MRZRNT76L16G713G
Ospedale di PISTOIA,STTSDR98L25G713K
Ospedale di PISTOIA,VDPCRN95E26G713S
Azienda di CUNEO,MRZMNN72M05D205S
Azienda di TERNI,MGNGLM79L07L117M
Azienda di TERNI,MGNNBR80S24L117P
Azienda di TERNI,MGNPSC82R07L117S
Fabbrica di TERNI,MGNRME83A29L117C
Fabbrica di TERNI,MGNPTR81B27L117C
Ospedale di TERNI,MGNVNT79E22L117T
Ospedale di TERNI,MGNGRZ79S19L117Q
Ospedale di TERNI,CRNGRG02M06L117X
Ospedale di TERNI,MRZCRN99M24L117N
Fabbrica di MODENA,PDLZOE69D01F257J
Ufficio di FROSINONE,MZZGDI75B21D810F
Ufficio di FROSINONE,CRNGTN97S20D810M
Ospedale di FROSINONE,MZZGLD74E28D810Y
Ospedale di FROSINONE,BBSLRT70D04D810E
Fabbrica di FROSINONE,MZZDRA74L12D810C
Fabbrica di FROSINONE,CRNCLD97R13D810P
Fabbrica di FROSINONE,CRNDLM95H14D810I
Fabbrica di FROSINONE,DRNLFA95A04D810Y
Fabbrica di FROSINONE,BRRCVN71M12D810M
Fabbrica di FROSINONE,BRRMRK69L17D810V
Ufficio di TERNI,CRNMLA99D14L117E
Ufficio di TERNI,CRNLRD02M21L117M
Ufficio di TERNI,MRZDAA00M02L117L
Ufficio di TERNI,MRZDRO01L04L117X
Azienda di FROSINONE,CRNLNS94M25D810R
Azienda di FROSINONE,DRNZEI97R21D810S
Azienda di FROSINONE,CVLBGI96B04D810K
Azienda di FROSINONE,BBSLVN72B17D810E
Azienda di FROSINONE,BRRSLM72D12D810L
Azienda di FROSINONE,BRRSDI72R26D810W
Ospedale di BRINDISI,DRNBTL90L03B180I
Ospedale di BRINDISI,NTMDMN69A29B180T
Ospedale di L'AQUILA,DGLVND63C12A345K
Ospedale di ENNA,MNSFDL59B07C342T
Fabbrica di TRIESTE,SROLSS63D11L424I
Fabbrica di COMO,BLLLND71C31C933E
Fabbrica di COMO,BLLLIO67B04C933T
Fabbrica di COMO,GDNLGO86C16C933B
Fabbrica di COMO,GDNGLL84H11C933D
Fabbrica di COMO,GDNFCN02S27C933Y
Ospedale di COMO,BLLVLR71M08C933P
Ospedale di COMO,BLLSRN68R20C933R
Ospedale di COMO,GDNPRI85M17C933G
Ospedale di COMO,GDNLIA04B24C933N
Ospedale di COMO,GDNWND05B11C933T
Azienda di COSENZA,LBNCLR69L04D086I
Azienda di COSENZA,BRBVNI74M22D086J
Azienda di COSENZA,MSCDBR95D11D086S
Ufficio di COSENZA,LBNPCC72D04D086F
Ufficio di COSENZA,LBNFST70M31D086W
Ufficio di COSENZA,BRBGTA73S25D086H
Fabbrica di COSENZA,LBNLIO69C04D086E
Fabbrica di COSENZA,LBNRSR90A27D086J
Fabbrica di COSENZA,LBNPMP02D19D086C
Fabbrica di COSENZA,LBNGRN01L24D086S
Fabbrica di COSENZA,BRBPSQ78P11D086M
Fabbrica di COSENZA,TRNSLL02R17D086K
Fabbrica di COSENZA,MSCGRT97L08D086W
Ospedale di COSENZA,LBNFLV73M22D086X
Ospedale di COSENZA,TRNTDD00L18D086C
Ospedale di COSENZA,TRNLNU99C06D086X
Azienda di TREVISO,ZGRGRM72L23L407C
Azienda di TREVISO,ZGRMME71E28L407A
Fabbrica di TREVISO,ZGRCLN69H07L407V
Fabbrica di TREVISO,ZGRGTV70D18L407D
Fabbrica di TREVISO,ZGRFDR73E09L407X
Ospedale di TREVISO,ZGRWLM69A19L407D
Ospedale di TREVISO,ZGRDVG70R29L407L
Ufficio di TREVISO,ZGRVGL71H26L407R
Ufficio di TREVISO,ZGRBNC71T19L407V
Ufficio di MODENA,CRDTNI69T23F257Z
Ufficio di MODENA,CRDPQN70A09F257E
Azienda di MODENA,CRDRCL70S12F257Z
Azienda di MODENA,CRDMNI69P20F257B
Ospedale di MODENA,CRDTTV68S14F257E
Azienda di AVELLINO,MLCZRA69D10A509E
Azienda di AVELLINO,MLCVVN69R17A509G
Ospedale di AVELLINO,MLCNTA72H22A509I
Ospedale di AVELLINO,MLCZNE69A03A509T
Ospedale di AVELLINO,MLCLFA69D23A509C
Ospedale di AVELLINO,MLCGRL71E19A509M
Ospedale di AVELLINO,MLCFDR02H04A509W
Ospedale di AVELLINO,MLCDLD01E27A509E
Fabbrica di AVELLINO,MLCTTR69C25A509G
Fabbrica di AVELLINO,MLCLVR94L22A509M
Ufficio di AVELLINO,MLCRNR73C19A509N
Ufficio di AVELLINO,MLCSNT02T22A509T
Ufficio di AVELLINO,MLCLRC00P19A509L
Ufficio di AVELLINO,MLCLNE98L28A509B
Ufficio di BARLETTA,CRCLND74P14A669H
Ufficio di BARLETTA,CRCNVE94B22A669Y
Ufficio di BARLETTA,CRCNNZ95E05A669T
Ufficio di BARLETTA,VGNLDL62D10A669D
Ufficio di BARLETTA,VGNDRN59A12A669B
Ufficio di BARLETTA,VGNLGO80P06A669Z
Ufficio di BARLETTA,VGNRSR82M15A669V
Ufficio di BARLETTA,VGNLNE79T05A669K
Ufficio di BARLETTA,VGNLSN83L15A669Y
Ufficio di BARLETTA,VGNRGN81D07A669L
Ufficio di BARLETTA,GVRGTN80M22A669H
Ufficio di BARLETTA,GVRLRC81D11A669F
Ufficio di BARLETTA,GVRVND82L28A669U
Ufficio di BARLETTA,GVRDMN02M09A669G
Ufficio di BARLETTA,VGNVVN01C18A669T
Azienda di BARLETTA,CRCMRZ75C08A669E
Azienda di BARLETTA,CRCGLM77T14A669J
Azienda di BARLETTA,CRCPRZ94B04A669V
Azienda di BARLETTA,CRCVGL96T26A669S
Azienda di BARLETTA,CRCBRN96C29A669Q
Azienda di BARLETTA,VGNRZO61C03A669E
Azienda di BARLETTA,VGNJCP79P11A669H
Azienda di BARLETTA,VGNCST81D08A669B
Azienda di BARLETTA,VGNRMO79L08A669U
Azienda di BARLETTA,GVRMLE81L18A669U
Azienda di BARLETTA,VGNSRG00S04A669C
Azienda di BARLETTA,GVRMCL99D08A669O
Azienda di BARLETTA,GVRDLC01B05A669G
Azienda di L'AQUILA,MNZMDA82T13A345K
Ospedale di POTENZA,VGRSNT70A26G942W
Ospedale di POTENZA,VGRBRC72D23G942C
Fabbrica di GORIZIA,SMNGDL81T23E098O
Fabbrica di GORIZIA,SMNPQN82P15E098T
Fabbrica di GORIZIA,SMNMRS81B22E098M
Fabbrica di GORIZIA,SMNSTN99L08E098T
Fabbrica di GORIZIA,RBRMTN69B17E098B
Fabbrica di GORIZIA,RBRLVS72M13E098E
Ospedale di GORIZIA,SMNSDI81A11E098C
Ospedale di GORIZIA,SMNMTT79M27E098D
Ospedale di GORIZIA,SMNDRD02R14E098I
Ospedale di GORIZIA,SMNPMP01E14E098Q
Ospedale di GORIZIA,SMNSLD02E12E098Q
Ospedale di GORIZIA,SMNRSL00B03E098V
Ospedale di GORIZIA,RBRLRT73E13E098V
Ospedale di GORIZIA,RBRSLV73D17E098I
Ufficio di GORIZIA,SMNMRC79L05E098M
Ufficio di GORIZIA,SMNMTN00T25E098Q
Ufficio di GORIZIA,SMNDLZ99C17E098G
Ufficio di GORIZIA,SMNSNT00B07E098W
Ufficio di GORIZIA,SMNCST02D23E098Z
Azienda di GORIZIA,SMNLGU79M28E098G
Azienda di GORIZIA,SMNVTI02P03E098D
Azienda di GORIZIA,SMNRZO02D29E098I
Azienda di GORIZIA,SMNPLA01B15E098I
Azienda di GORIZIA,RBRGST70T27E098H
Azienda di GORIZIA,RBRQRN73L07E098Y
Ospedale di ALESSANDRIA,BNCNRC73T13A182S
Ospedale di ALESSANDRIA,BNCGTN78P19A182K
Ufficio di ALESSANDRIA,BNCMDA77T12A182Q
Ufficio di ALESSANDRIA,BNCCST76E24A182D
Ufficio di ALESSANDRIA,BNCZRA98C28A182P
Ufficio di ALESSANDRIA,BNCTNA98C18A182U
Ufficio di ALESSANDRIA,BNCTCR96L29A182W
Fabbrica di ALESSANDRIA,BNCNTN75M27A182A
Azienda di ALESSANDRIA,BNCPSQ77M28A182H
Azienda di ALESSANDRIA,BNCRNN74L05A182P
Azienda di CROTONE,DLFSNT71R23D122D
Fabbrica di FORLI,NTNMNL63M23D704U
Fabbrica di FORLI,NTNMMM80T14D704R
Fabbrica di FORLI,NTNRTI79B06D704M
Fabbrica di FORLI,FLRCLD78C28D704R
Fabbrica di FORLI,MCCLPA00D22D704F
Fabbrica di FORLI,MCCNRN01B13D704U
Fabbrica di FORLI,MCCGDE00P19D704T
Fabbrica di FORLI,MDCLCL00A12D704M
Fabbrica di FORLI,MDCTEA01T07D704M
Fabbrica di FORLI,CNDCCL96M08D704G
Ospedale di FORLI,NTNLND60E14D704A
Ospedale di FORLI,NTNLLD82T16D704B
Ospedale di FORLI,NTNLRC80H12D704V
Ospedale di FORLI,FLRNTN75D16D704Q
Ospedale di FORLI,FLRLND75L08D704K
Ospedale di FORLI,FLRLNE78M29D704G
Ospedale di FORLI,MCCLNE01D19D704Q
Ospedale di FORLI,MCCNDA00T29D704I
Ospedale di FORLI,CNDGTN77M25D704O
Ufficio di FORLI,NTNNLN63E19D704L
Ufficio di FORLI,NTNMRN81R08D704M
Ufficio di FORLI,NTNCRL83A12D704I
Ufficio di FORLI,NTNLDR83E10D704A
Ufficio di FORLI,NTNVTT81M16D704O
Ufficio di FORLI,FLRPNI78E19D704E
Ufficio di FORLI,MDCRGN00P26D704R
Ufficio di FORLI,CNDNSC78L14D704Q
Ufficio di FORLI,CNDTDD74A13D704J
Ufficio di FORLI,CNDFBN95S21D704I
Azienda di CARRARA,CTTLNE66C05B832K
Azienda di CARRARA,CTTDNI67L26B832K
Azienda di CARRARA,CTTCLR64L25B832X
Azienda di CARRARA,NDVMNZ70D23B832V
Fabbrica di CARRARA,CTTFDR63T03B832E
Fabbrica di CARRARA,CTTSFO64L18B832Y
Fabbrica di CARRARA,CTTSDR68C11B832H
Fabbrica di CARRARA,PTTSFN85D03B832Q
Fabbrica di CARRARA,PTTPRZ87R23B832Z
Fabbrica di CARRARA,PTTRNL86M12B832F
Fabbrica di CARRARA,PTTGST86H01B832N
Fabbrica di CARRARA,FLRZEI97D22B832O
Fabbrica di CARRARA,NDVYND72E10B832I
Fabbrica di CARRARA,NDVFNN70D17B832L
Fabbrica di CARRARA,NDVLNS69L04B832R
Ufficio di CARRARA,CTTVTT66B14B832V
Ufficio di CARRARA,MCCSLL96H10B832C
Ospedale di CARRARA,CTTLLE66C14B832R
Ospedale di CARRARA,PTTPML88D10B832O
Ospedale di CARRARA,FLRCMN98P06B832K
Ospedale di CARRARA,NDVGNZ71H10B832T
Fabbrica di CATANZARO,PTTRGR59T13C352S
Fabbrica di CATANZARO,PTTFLV62R21C352I
Fabbrica di CATANZARO,PTTSCN61H21C352W
Fabbrica di CATANZARO,PTTMBR78M05C352K
Fabbrica di CATANZARO,PTTLEA76P30C352B
Fabbrica di CATANZARO,NTNMRC00T19C352H
Fabbrica di CATANZARO,NSLCDD94R29C352Z
Azienda di CATANZARO,PTTFST60C03C352O
Azienda di CATANZARO,PTTGGR68D09C352O
Azienda di CATANZARO,PTTSDI77D13C352X
Azienda di CATANZARO,PTTSIA77A15C352B
Ospedale di CATANZARO,PTTRNO60H08C352B
Ospedale di CATANZARO,PTTGLR67C23C352O
Ospedale di CATANZARO,PTTMRS67M30C352H
Ospedale di CATANZARO,PTTYLN65S25C352N
Ospedale di CATANZARO,PTTLLL76L17C352W
Ospedale di CATANZARO,NTNGTN02T31C352B
Ospedale di CATANZARO,MCCLDR85T20C352Q
Azienda di FORLI,NTNZRR80L02D704K
Azienda di FORLI,NTNFLV80T19D704R
Azienda di FORLI,NTNLSU79P27D704X
Azienda di FORLI,NTNNTS80H06D704C
Azienda di FORLI,NTNGFR80C18D704M
Azienda di FORLI,FLRMRA75C12D704K
Azienda di FORLI,FLRRNI77S09D704H
Azienda di FORLI,MCCSTN00C12D704H
Azienda di FORLI,MCCFTN00P27D704F
Azienda di FORLI,CNDDNI76A30D704J
Azienda di FORLI,CNDRCR96S28D704X
Azienda di LECCO,MCCYLO65A05E507F
Azienda di LECCO,MCCDCC65B15E507Z
Azienda di LECCO,MCCGTA73P12E507E
Azienda di LECCO,MCCFBN73P03E507D
Azienda di LECCO,MCCVIO67B11E507G
Azienda di LECCO,MCCSLL67A05E507Y
Azienda di LECCO,MCCRSR78C01E507F
Azienda di LECCO,MCCSDR74A13E507B
Azienda di LECCO,MCCMSM75C06E507H
Azienda di LECCO,MCCCLS78M11E507X
Azienda di LECCO,MCCFBA93P10E507P
Azienda di LECCO,MCCCCL94B25E507N
Azienda di LECCO,MSLVLR86R25E507I
Azienda di LECCO,MSLNBR88H13E507A
Azienda di LECCO,MSCFLV73D21E507E
Azienda di LECCO,MSCMDL69T25E507C
Azienda di LECCO,MSCNLC71S26E507L
Azienda di LECCO,GRRRCC99M20E507T
Azienda di LECCO,GRRGTT99C10E507U
Azienda di LECCO,GRRRLA01L06E507M
Ufficio di CATANZARO,PTTGLD65D06C352G
Ufficio di CATANZARO,PTTGGN64C31C352M
Ufficio di CATANZARO,MCCDLF86D22C352R
Ufficio di CATANZARO,NSLVGN95T24C352F
Ufficio di CATANZARO,MCCBNR95T01C352S
Fabbrica di PESCARA,NSLVLR78E03G482X
Fabbrica di PESCARA,NSLGLL75M09G482W
Fabbrica di PESCARA,MDCRST98R23G482S
Fabbrica di PESCARA,DNGMHL96B28G482V
Ospedale di PESCARA,NSLFST74E31G482J
Ospedale di PESCARA,NSLMSM75H03G482W
Ospedale di PESCARA,NSLGTN77T13G482T
Azienda di PESCARA,NSLCRL78M12G482K
Azienda di PESCARA,NSLRST78M15G482T
Azienda di PESCARA,NSLCLD77C04G482N
Azienda di PESCARA,NSLZRA77A25G482N
Azienda di PESCARA,NSLCNZ74D16G482F
Azienda di PESCARA,NSLGCH75L28G482F
Azienda di PESCARA,MDCDNT95E15G482P
Ospedale di VIBO VALENTIA,MRZCRN74H30F537F
Ospedale di VIBO VALENTIA,MRZFNC74T21F537E
Ufficio di PESCARA,NSLLDI74M13G482N
Ufficio di PESCARA,DNGLVC98C06G482F
Azienda di VIBO VALENTIA,FLRGDL95M27F537B
Azienda di ROMA,CHPRCC76E19H501J
Azienda di ROMA,CHPGTN76H10H501G
Azienda di ROMA,PTRCLL69P29H501N
Azienda di ROMA,PTRLND71T01H501M
Azienda di ROMA,PTRMLN72B03H501B
Azienda di ROMA,PLLCTL74L25H501B
Azienda di ROMA,PLLGRZ74M16H501C
Ufficio di ROMA,CHPRNL78P16H501X
Ufficio di ROMA,CHPLGU77R31H501M
Ufficio di ROMA,CHPMLT95H19H501F
Ufficio di ROMA,CHPMCL98L11H501T
Ufficio di ROMA,PTRPRD69M30H501S
Ufficio di ROMA,PTRCTN73B27H501O
Ufficio di ROMA,PTRGLL70S04H501F
Ufficio di ROMA,PTRLVR71H16H501J
Ufficio di ROMA,GRRGGN99P08H501Q
Ufficio di ROMA,PLLZRA74R24H501H
Ufficio di ROMA,PLLNLN76E22H501D
Ufficio di ROMA,PLLGST97P21H501E
Ufficio di ROMA,PLLPSC95S17H501T
Ufficio di ROMA,PLLLDA94B13H501L
Fabbrica di ROMA,CHPNSC77H20H501C
Fabbrica di ROMA,CHPMTT76T14H501X
Fabbrica di ROMA,CHPRSL76C09H501U
Fabbrica di ROMA,CHPGTT95H01H501N
Fabbrica di ROMA,CHPCRL94T01H501R
Fabbrica di ROMA,CHPGTN99B15H501I
Fabbrica di ROMA,GRRTMS99B17H501H
Fabbrica di ROMA,PLLGRT77L14H501F
Ospedale di ROMA,CHPRNL76D01H501J
Ospedale di ROMA,CHPCTN75T23H501F
Ospedale di ROMA,CHPSTN75C09H501Y
Ospedale di ROMA,CHPMLI77R11H501O
Ospedale di ROMA,CHPSST75H27H501M
Ospedale di ROMA,PTRDNT69L06H501F
Ospedale di ROMA,PLLSRA76R06H501G
Ospedale di ROMA,PLLTMS77M11H501G
Ospedale di ROMA,PLLRRT78E28H501H
Ospedale di ROMA,PLLLCU78D30H501G
Ospedale di AGRIGENTO,CRCLVR77P01A089S
Ospedale di AGRIGENTO,CRCRLF74E17A089B
Ospedale di AGRIGENTO,CRCLEO78S11A089Z
Ospedale di AGRIGENTO,CRCGLL78A22A089H
Ospedale di AGRIGENTO,CRCLFA74S03A089R
Ospedale di AGRIGENTO,BRSLDN75S20A089X
Ospedale di AGRIGENTO,SPRNRC75L01A089K
Ospedale di AGRIGENTO,SPRDCC80L30A089Y
Ospedale di AGRIGENTO,CRDLCU71S25A089K
Ospedale di AGRIGENTO,CRDLRI72H04A089B
Ospedale di AGRIGENTO,CRDMSS71T02A089I
Fabbrica di AGRIGENTO,CRCLSU76D22A089H
Fabbrica di AGRIGENTO,CRCCLO75H14A089W
Fabbrica di AGRIGENTO,CRCMRL76T27A089O
Fabbrica di AGRIGENTO,CRCDNI77E04A089A
Fabbrica di AGRIGENTO,CRCTLL75H30A089E
Fabbrica di AGRIGENTO,CRCFBN00A15A089N
Fabbrica di AGRIGENTO,CRCLRA01A12A089H
Fabbrica di AGRIGENTO,CRCRRT00C18A089X
Fabbrica di AGRIGENTO,CRCMRS93T09A089Y
Fabbrica di AGRIGENTO,SPRNBL74D11A089O
Fabbrica di AGRIGENTO,SPRGTN00S07A089Y
Fabbrica di AGRIGENTO,CRDFCN69P01A089F
Fabbrica di AGRIGENTO,CRDSDR70B13A089W
Fabbrica di AGRIGENTO,CRDLHN72M21A089J
Fabbrica di AGRIGENTO,CRDGCH71T03A089M
Azienda di AGRIGENTO,CRCGIA75C03A089M
Azienda di AGRIGENTO,CRCRNL76B20A089B
Azienda di AGRIGENTO,CRCLMO74E17A089S
Azienda di AGRIGENTO,CRCBGD75D17A089T
Azienda di AGRIGENTO,CRCDNC76L08A089Y
Azienda di AGRIGENTO,CRCNCL77P08A089C
Azienda di AGRIGENTO,CRCLEA76D19A089Z
Azienda di AGRIGENTO,CRCDVD98D11A089G
Azienda di AGRIGENTO,SPRLSN75B22A089A
Azienda di AGRIGENTO,SPRLVC82H03A089D
Ufficio di PISA,PRZVSS74D19G702Q
Ufficio di PISA,FRNLSS74T31G702B
Ufficio di PISA,PRZNBL76T10G702E
Ufficio di PISA,PRZNNI77L06G702Z
Ufficio di PISA,FRNBLD75C09G702E
Ufficio di PISA,PRZRNI95R14G702E
Ufficio di PISA,PRZTTO94L22G702Y
Ufficio di PISA,PRZGIO94R03G702U
Ufficio di PISA,GNDMRK76T21G702C
Ufficio di PISA,GNDDTR77S04G702M
Ufficio di PISA,GNDMRN76M04G702Q
Ufficio di PISA,GNDLSS75M31G702R
Azienda di FIRENZE,CNSNBL77M19D612M
Azienda di FIRENZE,CNSGST75C24D612Z
Azienda di FIRENZE,CNSNLM77T19D612N
Azienda di FIRENZE,CNSLNE77R05D612E
Azienda di FIRENZE,CNSSLD75S23D612S
Azienda di FIRENZE,CNSSMN78A30D612D
Azienda di FIRENZE,CNSLLD81S13D612I
Azienda di FIRENZE,CNSVLR78M15D612X
Azienda di FIRENZE,CNSLPA78L11D612U
Azienda di FIRENZE,CNSLNS99D25D612Z
Azienda di FIRENZE,CNSWTR00P30D612L
Azienda di FIRENZE,CNSMHL00E17D612S
Azienda di FIRENZE,CNSRLA01A09D612V
Azienda di FIRENZE,CNSSLN94L09D612J
Fabbrica di FIRENZE,CNSGDN75B04D612H
Fabbrica di FIRENZE,CNSPLM77D05D612Z
Fabbrica di FIRENZE,CNSYLO76A11D612R
Fabbrica di FIRENZE,CNSCLL76T12D612K
Fabbrica di FIRENZE,CNSMRC77C07D612S
Fabbrica di FIRENZE,CNSMCR99L06D612H
Fabbrica di FIRENZE,CNSNFR02D06D612S
Fabbrica di FIRENZE,CNSSML01H22D612X
Ufficio di FIRENZE,CNSLCD73T30D612H
Ufficio di FIRENZE,CNSMLE76D04D612J
Ufficio di FIRENZE,CNSQMD77E27D612N
Ufficio di FIRENZE,CNSRLN75H24D612I
Ufficio di FIRENZE,CNSVNC74C07D612K
Ufficio di FIRENZE,CNSBBR01B14D612G
Ufficio di FIRENZE,CNSTMS01B08D612A
Ufficio di FIRENZE,CNSMRC95D01D612F
Ospedale di FIRENZE,CNSVLM76S07D612N
Ospedale di FIRENZE,CNSMRG78P30D612I
Ospedale di FIRENZE,CNSSLM80E12D612S
Ospedale di FIRENZE,CNSDND80L24D612K
Ospedale di FIRENZE,CNSLND76R24D612A
Ospedale di FIRENZE,CNSRND76A02D612T
Ospedale di FIRENZE,CNSNGL75H16D612S
Ospedale di FIRENZE,CNSRRT98P29D612X
Azienda di PISA,FRNMLN78H25G702I
Azienda di PISA,FRNNNZ75H19G702P
Azienda di PISA,FRNMLD77D29G702V
Azienda di PISA,FRNDBR75E30G702D
Azienda di PISA,FRNVCN75E15G702G
Azienda di PISA,PRZFRZ77B28G702Y
Azienda di PISA,PRZRMN77C05G702F
Azienda di PISA,FRNMRZ72H14G702N
Azienda di PISA,PRZFDR94H18G702G
Azienda di PISA,GNDGTN76H30G702K
Azienda di PISA,GNDRMN98M28G702X
Ospedale di PISA,FRNRGN75C30G702Y
Ospedale di PISA,PRZTDD76H05G702X
Ospedale di PISA,PRZLDE75T14G702J
Ospedale di PISA,FRNLLD76H27G702Z
Ospedale di PISA,PRZVSC77P02G702I
Ospedale di PISA,PRZNDR74R21G702J
Ospedale di PISA,PRZNNZ78D20G702I
Ospedale di PISA,FRNCSG73S10G702C
Ospedale di PISA,FRNPPP72R09G702D
Ospedale di PISA,PRZNSC98B16G702N
Ospedale di PISA,FRNVTR95A10G702D
Ospedale di PISA,GNDGRT75M19G702C
Ospedale di PISA,GNDBRN93T28G702O
Ospedale di PISA,GNDGZZ93T15G702N
Ospedale di PISA,GNDMDA94M26G702M
Fabbrica di PISA,FRNNTL74P20G702N
Fabbrica di PISA,FRNSRN78P23G702Y
Fabbrica di PISA,PRZLCU75L11G702E
Fabbrica di PISA,PRZVEA75C25G702N
Fabbrica di PISA,FRNDMN75S22G702X
Fabbrica di PISA,PRZDLL74P02G702O
Fabbrica di PISA,PRZLDN96T18G702H
Fabbrica di PISA,PRZPTR97E06G702N
Fabbrica di PISA,GNDLVC73T15G702E
Fabbrica di PISA,GNDBGD74D27G702Z
Fabbrica di PISA,GNDLVS74M19G702H
Fabbrica di PISA,GNDFNC78H12G702I
Ospedale di CUSIO,CCRGNT61D09D223R
Ospedale di CUSIO,CCRSLL63H01D223W
Ospedale di CUSIO,CCRSST77D11D223J
Ospedale di CUSIO,CCRNDA78C29D223B
Ospedale di CUSIO,CCRGVF98M20D223Z
Ospedale di CUSIO,DNSMRA80R30D223W
Ospedale di CUSIO,DNSFTM81E18D223Z
Ospedale di CUSIO,DNSDBR83H03D223L
Ospedale di CUSIO,DNSFTM82B05D223K
Ospedale di CUSIO,DNSSLM01C10D223O
Ospedale di CUSIO,DNSGNE99S28D223M
Ospedale di CUSIO,DNSNFR99M15D223Y
Ospedale di CUSIO,GRRDVD82M15D223W
Ospedale di CUSIO,GRRLCU79C01D223U
Ospedale di CUSIO,GRRSNT83B01D223G
Ufficio di CUSIO,CCRDLD60B20D223I
Ufficio di CUSIO,CCRDNL74L19D223J
Ufficio di CUSIO,CCRVDN95M20D223Q
Ufficio di CUSIO,CCRDNL92M18D223X
Ufficio di CUSIO,DNSBGD83B19D223I
Ufficio di CUSIO,DNSTZN82L03D223G
Ufficio di CUSIO,DNSLCD99E17D223V
Ufficio di CUSIO,GRRRNI80T10D223H
Ufficio di CUSIO,GRRLLE81A24D223E
Ufficio di CUSIO,GRRNLN00B08D223D
Ufficio di AGRIGENTO,CRCLBR74C01A089H
Ufficio di AGRIGENTO,CRCRND75H08A089Z
Ufficio di AGRIGENTO,CRCRMO75C20A089G
Ufficio di AGRIGENTO,CRCRRA74R03A089O
Ufficio di AGRIGENTO,CRCDNT76L04A089F
Ufficio di AGRIGENTO,CRCMCL74L31A089J
Ufficio di AGRIGENTO,CRCDNI96S10A089Z
Ufficio di AGRIGENTO,CRCMRT96T12A089N
Ufficio di AGRIGENTO,SPRZRA79S19A089C
Ufficio di AGRIGENTO,SPRSLV99C13A089V
Ufficio di AGRIGENTO,CRDGRM71H28A089L
Ufficio di AGRIGENTO,CRDVRN73A07A089J
Ufficio di AGRIGENTO,CRDRCC71D05A089R
Azienda di SIRACUSA,DSNPNI77C24I754L
Azienda di SIRACUSA,BRSCPI60R29I754X
Azienda di SIRACUSA,BRSLLL60C18I754E
Azienda di SIRACUSA,BRSPIO62H17I754M
Azienda di SIRACUSA,BRSDNC60C07I754A
Fabbrica di CUSIO,CCRTNO78L25D223Z
Fabbrica di CUSIO,CCRGSI77H08D223O
Fabbrica di CUSIO,CCRLDL77T24D223G
Fabbrica di CUSIO,CCRLRA78D23D223O
Fabbrica di CUSIO,CCRTMR97C08D223I
Fabbrica di CUSIO,DNSMLN79M15D223G
Fabbrica di CUSIO,DNSCLL83B12D223Q
Fabbrica di CUSIO,DNSDLE79T20D223Z
Fabbrica di CUSIO,DNSCTN04E17D223G
Fabbrica di CUSIO,GRRSFO79P26D223S
Fabbrica di CUSIO,GRRLMP00H03D223W
Fabbrica di CUSIO,GRRFLV00A21D223N
Fabbrica di VERONA,MDDRLB70P28L781X
Fabbrica di VERONA,MDDCPI71A26L781J
Ospedale di VERONA,MDDLRT72R03L781G
Ospedale di VERONA,MDDTLI73P04L781X
Ospedale di VERONA,MDDPML96M25L781M
Ospedale di VERONA,CNCLNZ71H30L781Y
Ospedale di VERONA,TFUFLV70E14L781H
Azienda di CUSIO,CCRGLD98A11D223Y
Azienda di CUSIO,DNSNBR80E20D223G
Azienda di CUSIO,DNSBDT83A28D223Q
Azienda di CUSIO,GRRSNT82A28D223B
Azienda di CUSIO,GRRPIA80H03D223E
Azienda di CUSIO,GRRWLM00A04D223C
Azienda di CUSIO,GRRMLT00L26D223K
Ufficio di CESENA,GRPSNT61M22C573G
Ufficio di CESENA,TRNCSG80T27C573W
Ufficio di CESENA,TRNFRC81H20C573F
Ufficio di CESENA,PTRZTI01E06C573C
Ufficio di CESENA,PTRGTR02L05C573M
Ufficio di CESENA,CSSLMP70R28C573Y
Ospedale di CESENA,TRNRCR80C23C573W
Ospedale di CESENA,TRNRSL80S14C573F
Ospedale di CESENA,TRNFMN83R22C573X
Ospedale di CESENA,PTRCPI02P19C573W
Ospedale di CESENA,GRRGLI99C07C573J
Fabbrica di CESENA,TRNLRT82M30C573F
Fabbrica di CESENA,TRNLNS80H19C573F
Fabbrica di CESENA,DMCSCR02M24C573V
Azienda di CESENA,TRNVTR82M08C573I
Azienda di CESENA,TRNCLI81L31C573R
Azienda di CESENA,PTRCTN99P14C573B
Azienda di CESENA,DMCDLF01M21C573J
Ufficio di LA SPEZIA,DMCRSN69B27E463F
Ufficio di LA SPEZIA,DMCFPP72C24E463E
Ufficio di LA SPEZIA,GRRFDL99D30E463A
Ufficio di LA SPEZIA,PLNGRD74D03E463I
Ufficio di LA SPEZIA,PLNRKE76H04E463C
Ufficio di LA SPEZIA,PLNLRC96M27E463P
Ufficio di LA SPEZIA,PLNGNI97C08E463Q
Azienda di LA SPEZIA,DMCCLL70E13E463X
Azienda di LA SPEZIA,DMCLVS73A14E463Q
Azienda di LA SPEZIA,GRRMTN99P14E463S
Azienda di LA SPEZIA,GRRCSM00E03E463F
Azienda di LA SPEZIA,PLNSLV74E12E463J
Azienda di LA SPEZIA,PLNMAI77R03E463Q
Azienda di LA SPEZIA,PLNPCR75L17E463L
Azienda di LA SPEZIA,PLNGLN75H08E463L
Azienda di LA SPEZIA,PLNPLT96C05E463N
Azienda di TRENTO,LBNMBR73M19L378C
Azienda di TRENTO,LBNVTR70P17L378D
Azienda di TRENTO,TRNMLL01H07L378C
Azienda di TRENTO,RBRLDN92E26L378L
Azienda di TRENTO,MRAFLV71C29L378A
Ufficio di TRENTO,LBNSML70R04L378U
Ufficio di TRENTO,LBNMRN72M20L378M
Ufficio di TRENTO,MRAVDN73H18L378W
Ufficio di TRENTO,MRARNL95S09L378F
Ospedale di TRENTO,LBNVCN69L29L378D
Ospedale di TRENTO,LBNMND71H24L378U
Ospedale di TRENTO,MRAFDR69M23L378E
Fabbrica di TRENTO,LBNDMN73S02L378K
Fabbrica di TRENTO,TRNLRD02E08L378S
Fabbrica di TRENTO,RBRNCN92E30L378Y
Fabbrica di TRENTO,MRAGCM70R26L378P
Ufficio di TRANI,QRZMRT73E05L328K
Fabbrica di TRANI,QRZQRN71H02L328G
Fabbrica di TRANI,QRZTTV71L16L328V
Azienda di TRANI,QRZFDL71A20L328A
Ospedale di LA SPEZIA,TRNTZN01D11E463M
Ospedale di LA SPEZIA,PLNFSC78R27E463B
Ospedale di LA SPEZIA,PLNCTN95H10E463E
Fabbrica di LA SPEZIA,TRNMNC00H14E463J
Fabbrica di LA SPEZIA,GRRRST01C10E463T
Fabbrica di LA SPEZIA,PLNFPP75P09E463Z
Fabbrica di LA SPEZIA,PLNTCR73T23E463O
Fabbrica di LA SPEZIA,PLNLNS76R06E463Z
Fabbrica di LA SPEZIA,PLNFLR96T04E463G
Ufficio di FERMO,BLRCML74M26D542B
Ufficio di FERMO,BLRRMO76D08D542M
Ufficio di FERMO,BLRMRZ82H30D542B
Ufficio di FERMO,BLRMRN83L21D542B
Ufficio di FERMO,BLRCMN96D16D542X
Ufficio di FERMO,BLRLTZ02E28D542X
Ufficio di FERMO,BLRCRI02D28D542P
Ufficio di FERMO,BLRMGN01C01D542N
Ufficio di FERMO,BLRSRI00E14D542U
Fabbrica di FERMO,BLRRSR76S10D542X
Fabbrica di FERMO,BLRNNZ74R13D542J
Fabbrica di FERMO,BLRDRO74L06D542F
Fabbrica di FERMO,BLRGRL76A18D542J
Fabbrica di FERMO,BLRDVD76L12D542P
Fabbrica di FERMO,BLRCMN99H30D542Y
Fabbrica di FERMO,BLRDRO00L21D542Y
Fabbrica di FERMO,BLRGTN00E19D542F
Fabbrica di FERMO,BLRYND99R29D542W
Fabbrica di FERMO,BLRLND01H27D542M
Fabbrica di FERMO,BLRLRT01C07D542C
Fabbrica di FERMO,BLRDRA99P25D542Z
Azienda di FERMO,BLRZOE77A03D542M
Azienda di FERMO,BLRTTV77A29D542Q
Azienda di FERMO,BLRQRN76T18D542I
Azienda di FERMO,BLRGRT94T08D542F
Azienda di FERMO,BLRSMN94B16D542E
Azienda di FERMO,BLRRLA00A03D542W
Azienda di FERMO,BLRGRT99M05D542I
Ospedale di FERMO,BLRMCL75E05D542M
Ospedale di FERMO,BLRCRI77E31D542U
Ospedale di FERMO,BLRSND74C29D542E
Ospedale di FERMO,BLRSTN74A01D542H
Ospedale di FERMO,BLRPTR80R25D542C
Ospedale di FERMO,BLRLVR79T29D542P
Ospedale di FERMO,BLRVCN02E03D542Y
Ufficio di VENEZIA,CLZLDE76C10L736H
Ufficio di VENEZIA,CLZMRK75C02L736R
Ufficio di VENEZIA,NCLMMM60E12L736O
Ufficio di VENEZIA,BLLLNS87L03L736R
Ufficio di VENEZIA,BLLLTR84L06L736P
Ufficio di VENEZIA,SLRCSN83C30L736F
Ufficio di VENEZIA,LVRCLN85A26L736K
Ufficio di VENEZIA,LVRTCR85H04L736O
Ufficio di VENEZIA,MLRMSM05P24L736J
Ospedale di VENEZIA,CLZSMN75M28L736N
Ospedale di VENEZIA,NCLPNI63E23L736V
Ospedale di VENEZIA,NCLGLL59C12L736W
Ospedale di VENEZIA,BLLPRN85M24L736U
Ospedale di VENEZIA,MLRRME83P24L736C
Ospedale di VENEZIA,SLRFRC81D11L736Q
Ospedale di VENEZIA,SLRRLA79H09L736G
Ospedale di VENEZIA,LVRVCN86H14L736O
Ospedale di VENEZIA,BLLPRZ05E08L736N
Ospedale di VENEZIA,MLRSVN05E19L736F
Fabbrica di VENEZIA,CLZLVI75S27L736L
Fabbrica di VENEZIA,CLZRZO01R30L736X
Fabbrica di VENEZIA,NCLGBR63S12L736B
Fabbrica di VENEZIA,NCLQRN61P26L736P
Fabbrica di VENEZIA,NCLSLL60P30L736X
Fabbrica di VENEZIA,NCLDNA59E13L736E
Fabbrica di VENEZIA,MLRMSM82S09L736R
Fabbrica di VENEZIA,LVRRKE85C03L736I
Fabbrica di VENEZIA,LVRRNL86S24L736T
Fabbrica di VENEZIA,BLLLIO03T02L736Y
Fabbrica di NOVARA,TLOTZN80T21F952G
Fabbrica di BERGAMO,GRDTTV70H08A794Z
Fabbrica di BERGAMO,MRMCLR63R09A794C
Fabbrica di BERGAMO,BRRLEO82T13A794H
Fabbrica di BERGAMO,BRRGSI80H10A794U
Fabbrica di BERGAMO,BRSCVN81S13A794Z
Fabbrica di BERGAMO,BRSLND04B05A794M
Fabbrica di BERGAMO,BRSNTN06A08A794B
Ufficio di VERCELLI,MNDSCR70D22L750N
Ospedale di VERCELLI,MNDBDT72C22L750A
Ospedale di VERCELLI,MNDLCU68T31L750S
Ospedale di VERCELLI,MNDMRN96C07L750Y
Azienda di MASSA,CRLVDN76B18F023V
Ospedale di MASSA,CRLDRD78E12F023R
Ospedale di MASSA,CRLQMD96M14F023D
Ufficio di NAPOLI,LZZLLE76L25F839F
Ufficio di NAPOLI,LZZCST77C30F839K
Ufficio di NAPOLI,LZZMRN75P19F839Y
Ufficio di NAPOLI,LZZDTR75S19F839I
Azienda di NAPOLI,LZZGNN73T29F839O
Fabbrica di VERCELLI,MNDDLL97C28L750O
Fabbrica di VERCELLI,MNDVTR97E30L750J
Azienda di VERCELLI,MNDVRN93T11L750X
Ospedale di TRAPANI,RPSMRL72S16L331E
Ufficio di TRAPANI,RPSDLE70L01L331K
Fabbrica di PARMA,LSISDR69S26G337N
Fabbrica di PARMA,LSINBR72E06G337R
Fabbrica di PARMA,LSINBR02M21G337X
Fabbrica di PARMA,LSISRG00B01G337D
Ufficio di PARMA,LSIRND69D06G337E
Ufficio di PARMA,LSICNN01B08G337A
Ufficio di PARMA,LSISDI95L23G337Q
Azienda di MACERATA,CRSNZR70M19E783Y
Azienda di MACERATA,CRSPTR71A07E783W
Azienda di MACERATA,CRSTNI94B15E783A
Azienda di MACERATA,BRRFBA58T01E783X
Azienda di MACERATA,BRRCSM61R30E783L
Azienda di MACERATA,BRRSST62L02E783G
Fabbrica di MACERATA,CRSRCE70B23E783S
Fabbrica di MACERATA,CRSVTR69M25E783X
Fabbrica di MACERATA,CRSDBR73A22E783O
Fabbrica di MACERATA,CRSMMI96H06E783L
Fabbrica di MACERATA,CRSNCN91S05E783S
Fabbrica di MACERATA,BRRLIO62C25E783M
Fabbrica di MACERATA,BRRDNI60S09E783K
Fabbrica di MACERATA,DDETTN92P28E783S
Fabbrica di MACERATA,MLRVTR81R05E783K
Fabbrica di MACERATA,NCLGTN79R03E783G
Fabbrica di MACERATA,MLRCLL06H03E783R
Ospedale di MACERATA,CRSNNZ70P01E783S
Ospedale di MACERATA,CRSCRN70D18E783H
Ospedale di MACERATA,CRSCST73M08E783E
Ospedale di MACERATA,CRSDBR68S18E783P
Ospedale di MACERATA,CRSMNO89L01E783S
Ospedale di MACERATA,BRRRLA63B12E783C
Ospedale di MACERATA,MLRLNS83D17E783N
Ospedale di MACERATA,MLRFTN83H12E783U
Azienda di PARMA,LSIPML00P15G337G
Fabbrica di TRAPANI,RPSCST92D28L331K
Ufficio di MACERATA,CRSLRC95E15E783K
Ufficio di MACERATA,CRSGDE96S26E783N
Ufficio di MACERATA,BRRGRL59H18E783P
Ufficio di MACERATA,BRRMRA61L28E783S
Ufficio di MACERATA,BRRPRI61R20E783P
Ufficio di MACERATA,MLRDTL83R04E783K
Ufficio di MACERATA,MLRRND83H01E783W
Ufficio di MACERATA,NCLNCL80A03E783O
Ufficio di MACERATA,NCLMSM79A05E783I
Ufficio di MACERATA,NCLMHL01C28E783A
Azienda di MESSINA,DDERLN73S11F158L
Azienda di MESSINA,DDENNA70M21F158O
Azienda di MESSINA,SLRRLF59M12F158C
Azienda di MESSINA,SLRDCC63B14F158U
Azienda di MESSINA,SLRMRA62L27F158Q
Azienda di MESSINA,BRRLCN79D20F158P
Ospedale di MESSINA,DDETLI70D06F158O
Ospedale di MESSINA,SLRRNL63L19F158W
Ospedale di MESSINA,BRSFNC89C01F158O
Ufficio di MESSINA,DDELFA72L14F158B
Ufficio di MESSINA,DDENZE72T16F158H
Ufficio di MESSINA,SLRGUO62B01F158J
Ufficio di MESSINA,BRRVNC79T16F158X
Ospedale di BERGAMO,MRMDLB63E07A794K
Ospedale di BERGAMO,BRRMTT81P03A794F
Ospedale di BERGAMO,NCLNTN83P16A794M
Ospedale di BERGAMO,BRSLVO79H20A794P
Azienda di MONZA,GRZFNC67B16F704V
Azienda di MONZA,GRZLCU66M20F704I
Azienda di MONZA,SLRLSN87P21F704Z
Azienda di MONZA,SLRVTR85T16F704M
Azienda di MONZA,BRRLLE86B11F704X
Azienda di MONZA,BRRFNZ87E10F704N
Azienda di MONZA,BRSBNL84E12F704A
Azienda di MONZA,BRSDLE04A16F704P
Azienda di MONZA,BRRFNC06E08F704O
Fabbrica di MONZA,GRZLLL65L27F704Z
Fabbrica di MONZA,GRZMRT67T20F704I
Fabbrica di MONZA,BRRLND85R08F704L
Fabbrica di MONZA,BRRRND85S14F704M
Fabbrica di MONZA,BRRLNI86E30F704D
Fabbrica di MONZA,BRSSNT88E02F704C
Fabbrica di MONZA,BRRLDE04C24F704V
Ospedale di MONZA,GRZSRL68M18F704C
Ospedale di MONZA,GRZDRO65T02F704U
Ospedale di MONZA,SLRDNC84S30F704W
Ospedale di MONZA,BRRGLR84P22F704M
Ospedale di MONZA,BRSFDN86L15F704Y
Ospedale di MONZA,BRSCLN86S14F704W
Ufficio di MONZA,GRZMNO68E05F704V
Ufficio di MONZA,BRRDLA84H15F704N
Ufficio di MONZA,BRRMSM88P02F704X
Ufficio di MONZA,BRRSFN06H23F704D
Ospedale di LUCCA,GDNGNT63R10E715Q
Ospedale di LUCCA,GDNVTR59S09E715Y
Ospedale di LUCCA,BLLNGL86P04E715W
Ospedale di LUCCA,MRMRND81A29E715Q
Ospedale di LUCCA,MRMQMD80B25E715D
Ospedale di LUCCA,MRMVGL82S11E715N
Azienda di LUCCA,GDNBRN62M04E715J
Azienda di LUCCA,GDNPLL62S13E715K
Azienda di LUCCA,BLLVNZ84P21E715O
Azienda di LUCCA,MRMNSC81D24E715X
Azienda di LUCCA,BRSRMO82T15E715G
Azienda di LUCCA,BRSLSU80C28E715W
Azienda di VENEZIA,NCLGDL62M23L736K
Azienda di VENEZIA,NCLRCC60T12L736B
Azienda di VENEZIA,BLLLNE86R09L736U
Azienda di VENEZIA,BLLRCC84H13L736D
Azienda di VENEZIA,MLRDMA81P03L736E
Fabbrica di TERAMO,LVRMLE65S30L103D
Ufficio di IMPERIA,VRNSLL58T05E290R
Ospedale di IMPERIA,BLLPLN88M09E290C
Azienda di BERGAMO,BRRPLM82E31A794U
Azienda di BERGAMO,NCLDVG82R05A794S
Azienda di BERGAMO,BRSCLD82A31A794U
Azienda di BERGAMO,BRSLSS78S21A794O
Azienda di BERGAMO,BRSMRO81D03A794C
Azienda di BERGAMO,BRSTMS06H06A794C
Azienda di BERGAMO,BRSLRI06H05A794Y
Azienda di BERGAMO,BRRBRT05B01A794Q
